😀	grinning face	Smileys & Emotion	face-smiling	cheerful|cheery|face|grin|grinning|happy|laugh|nice|smile|smiling|teeth
😃	grinning face with big eyes	Smileys & Emotion	face-smiling	awesome|big|eyes|face|grin|grinning|happy|mouth|open|smile|smiling|teeth|yay
😄	grinning face with smiling eyes	Smileys & Emotion	face-smiling	eye|eyes|face|grin|grinning|happy|laugh|lol|mouth|open|smile|smiling
😁	beaming face with smiling eyes	Smileys & Emotion	face-smiling	beaming|eye|eyes|face|grin|grinning|happy|nice|smile|smiling|teeth
😆	grinning squinting face	Smileys & Emotion	face-smiling	closed|eyes|face|grinning|haha|hahaha|happy|laugh|lol|mouth|open|rofl|smile|smiling|squinting
😅	grinning face with sweat	Smileys & Emotion	face-smiling	cold|dejected|excited|face|grinning|mouth|nervous|open|smile|smiling|stress|stressed|sweat
🤣	rolling on the floor laughing	Smileys & Emotion	face-smiling	crying|face|floor|funny|haha|happy|hehe|hilarious|joy|laugh|lmao|lol|rofl|roflmao|rolling|tear
😂	face with tears of joy	Smileys & Emotion	face-smiling	crying|face|feels|funny|haha|happy|hehe|hilarious|joy|laugh|lmao|lol|rofl|roflmao|tear
🙂	slightly smiling face	Smileys & Emotion	face-smiling	face|happy|slightly|smile|smiling
🙃	upside-down face	Smileys & Emotion	face-smiling	face|hehe|smile|upside-down
🫠	melting face	Smileys & Emotion	face-smiling	disappear|dissolve|embarrassed|face|haha|heat|hot|liquid|lol|melt|melting|sarcasm|sarcastic
🫫	cracking face	Smileys & Emotion	face-smiling	
😉	winking face	Smileys & Emotion	face-smiling	face|flirt|heartbreaker|sexy|slide|tease|wink|winking|winks
😊	smiling face with smiling eyes	Smileys & Emotion	face-smiling	blush|eye|eyes|face|glad|satisfied|smile|smiling
😇	smiling face with halo	Smileys & Emotion	face-smiling	angel|angelic|angels|blessed|face|fairy|fairytale|fantasy|halo|happy|innocent|peaceful|smile|smiling|spirit|tale
🥰	smiling face with hearts	Smileys & Emotion	face-affection	3|adore|crush|face|heart|hearts|ily|love|romance|smile|smiling|you
😍	smiling face with heart-eyes	Smileys & Emotion	face-affection	143|bae|eye|face|feels|heart-eyes|hearts|ily|kisses|love|romance|romantic|smile|xoxo
🤩	star-struck	Smileys & Emotion	face-affection	excited|eyes|face|grinning|smile|star|starry-eyed|wow
😘	face blowing a kiss	Smileys & Emotion	face-affection	adorbs|bae|blowing|face|flirt|heart|ily|kiss|love|lover|miss|muah|romantic|smooch|xoxo|you
😗	kissing face	Smileys & Emotion	face-affection	143|date|dating|face|flirt|ily|kiss|love|smooch|smooches|xoxo|you
☺️	smiling face	Smileys & Emotion	face-affection	face|happy|outlined|relaxed|smile|smiling
😚	kissing face with closed eyes	Smileys & Emotion	face-affection	143|bae|blush|closed|date|dating|eye|eyes|face|flirt|ily|kisses|kissing|smooches|xoxo
😙	kissing face with smiling eyes	Smileys & Emotion	face-affection	143|closed|date|dating|eye|eyes|face|flirt|ily|kiss|kisses|kissing|love|night|smile|smiling
🥲	smiling face with tear	Smileys & Emotion	face-affection	face|glad|grateful|happy|joy|pain|proud|relieved|smile|smiley|smiling|tear|touched
😋	face savoring food	Smileys & Emotion	face-tongue	delicious|eat|face|food|full|hungry|savor|smile|smiling|tasty|um|yum|yummy
😛	face with tongue	Smileys & Emotion	face-tongue	awesome|cool|face|nice|party|stuck-out|sweet|tongue
😜	winking face with tongue	Smileys & Emotion	face-tongue	crazy|epic|eye|face|funny|joke|loopy|nutty|party|stuck-out|tongue|wacky|weirdo|wink|winking|yolo
🤪	zany face	Smileys & Emotion	face-tongue	crazy|eye|eyes|face|goofy|large|small|zany
😝	squinting face with tongue	Smileys & Emotion	face-tongue	closed|eye|eyes|face|gross|horrible|omg|squinting|stuck-out|taste|tongue|whatever|yolo
🤑	money-mouth face	Smileys & Emotion	face-tongue	face|money|money-mouth|mouth|paid
🤗	smiling face with open hands	Smileys & Emotion	face-hand	face|hands|hug|hugging|open|smiling
🤭	face with hand over mouth	Smileys & Emotion	face-hand	face|giggle|giggling|hand|mouth|oops|realization|secret|shock|sudden|surprise|whoops
🫢	face with open eyes and hand over mouth	Smileys & Emotion	face-hand	amazement|awe|disbelief|embarrass|eyes|face|gasp|hand|mouth|omg|open|over|quiet|scared|shock|surprise
🫣	face with peeking eye	Smileys & Emotion	face-hand	captivated|embarrass|eye|face|hide|hiding|peek|peeking|peep|scared|shy|stare
🤫	shushing face	Smileys & Emotion	face-hand	face|quiet|shh|shush|shushing
🤔	thinking face	Smileys & Emotion	face-hand	chin|consider|face|hmm|ponder|pondering|thinking|wondering
🫡	saluting face	Smileys & Emotion	face-hand	face|good|luck|ma’am|OK|respect|salute|saluting|sir|troops|yes
🤐	zipper-mouth face	Smileys & Emotion	face-neutral-skeptical	face|keep|mouth|quiet|secret|shut|zip|zipper|zipper-mouth
🤨	face with raised eyebrow	Smileys & Emotion	face-neutral-skeptical	disapproval|disbelief|distrust|emoji|eyebrow|face|hmm|mild|raised|skeptic|skeptical|skepticism|surprise|what
😐	neutral face	Smileys & Emotion	face-neutral-skeptical	awkward|blank|deadpan|expressionless|face|fine|jealous|meh|neutral|oh|shade|straight|unamused|unhappy|unimpressed|whatever
😑	expressionless face	Smileys & Emotion	face-neutral-skeptical	awkward|dead|expressionless|face|fine|inexpressive|jealous|meh|not|oh|omg|straight|uh|unhappy|unimpressed|whatever
😶	face without mouth	Smileys & Emotion	face-neutral-skeptical	awkward|blank|expressionless|face|mouth|mouthless|mute|quiet|secret|silence|silent|speechless
🫥	dotted line face	Smileys & Emotion	face-neutral-skeptical	depressed|disappear|dotted|face|hidden|hide|introvert|invisible|line|meh|whatever|wtv
😶‍🌫️	face in clouds	Smileys & Emotion	face-neutral-skeptical	absentminded|clouds|face|fog|head
😏	smirking face	Smileys & Emotion	face-neutral-skeptical	boss|dapper|face|flirt|homie|kidding|leer|shade|slick|sly|smirk|smug|snicker|suave|suspicious|swag
😒	unamused face	Smileys & Emotion	face-neutral-skeptical	...|bored|face|fine|jealous|jel|jelly|pissed|smh|ugh|uhh|unamused|unhappy|weird|whatever
🙄	face with rolling eyes	Smileys & Emotion	face-neutral-skeptical	eyeroll|eyes|face|rolling|shade|ugh|whatever
😬	grimacing face	Smileys & Emotion	face-neutral-skeptical	awk|awkward|dentist|face|grimace|grimacing|grinning|smile|smiling
😮‍💨	face exhaling	Smileys & Emotion	face-neutral-skeptical	blow|blowing|exhale|exhaling|exhausted|face|gasp|groan|relief|sigh|smiley|smoke|whisper|whistle
🤥	lying face	Smileys & Emotion	face-neutral-skeptical	face|liar|lie|lying|pinocchio
🫨	shaking face	Smileys & Emotion	face-neutral-skeptical	crazy|daze|earthquake|face|omg|panic|shaking|shock|surprise|vibrate|whoa|wow
🙂‍↔️	head shaking horizontally	Smileys & Emotion	face-neutral-skeptical	head|horizontally|no|shake|shaking
🙂‍↕️	head shaking vertically	Smileys & Emotion	face-neutral-skeptical	head|nod|shaking|vertically|yes
😌	relieved face	Smileys & Emotion	face-sleepy	calm|face|peace|relief|relieved|zen
😔	pensive face	Smileys & Emotion	face-sleepy	awful|bored|dejected|died|disappointed|face|losing|lost|pensive|sad|sucks
😪	sleepy face	Smileys & Emotion	face-sleepy	crying|face|good|night|sad|sleep|sleeping|sleepy|tired
🤤	drooling face	Smileys & Emotion	face-sleepy	drooling|face
😴	sleeping face	Smileys & Emotion	face-sleepy	bed|bedtime|face|good|goodnight|nap|night|sleep|sleeping|tired|whatever|yawn|zzz
🫩	face with bags under eyes	Smileys & Emotion	face-sleepy	bags|bored|exhausted|eyes|face|fatigued|late|sleepy|tired|weary
😷	face with medical mask	Smileys & Emotion	face-unwell	cold|dentist|dermatologist|doctor|dr|face|germs|mask|medical|medicine|sick
🤒	face with thermometer	Smileys & Emotion	face-unwell	face|ill|sick|thermometer
🤕	face with head-bandage	Smileys & Emotion	face-unwell	bandage|face|head-bandage|hurt|injury|ouch
🤢	nauseated face	Smileys & Emotion	face-unwell	face|gross|nasty|nauseated|sick|vomit
🤮	face vomiting	Smileys & Emotion	face-unwell	barf|ew|face|gross|puke|sick|spew|throw|up|vomit|vomiting
🤧	sneezing face	Smileys & Emotion	face-unwell	face|fever|flu|gesundheit|sick|sneeze|sneezing
🥵	hot face	Smileys & Emotion	face-unwell	dying|face|feverish|heat|hot|panting|red-faced|stroke|sweating|tongue
🥶	cold face	Smileys & Emotion	face-unwell	blue|blue-faced|cold|face|freezing|frostbite|icicles|subzero|teeth
🥴	woozy face	Smileys & Emotion	face-unwell	dizzy|drunk|eyes|face|intoxicated|mouth|tipsy|uneven|wavy|woozy
😵	face with crossed-out eyes	Smileys & Emotion	face-unwell	crossed-out|dead|dizzy|eyes|face|feels|knocked|out|sick|tired
😵‍💫	face with spiral eyes	Smileys & Emotion	face-unwell	confused|dizzy|eyes|face|hypnotized|omg|smiley|spiral|trouble|whoa|woah|woozy
🤯	exploding head	Smileys & Emotion	face-unwell	blown|explode|exploding|head|mind|mindblown|no|shocked|way
🤠	cowboy hat face	Smileys & Emotion	face-hat	cowboy|cowgirl|face|hat
🥳	partying face	Smileys & Emotion	face-hat	bday|birthday|celebrate|celebration|excited|face|happy|hat|hooray|horn|party|partying
🥸	disguised face	Smileys & Emotion	face-hat	disguise|eyebrow|face|glasses|incognito|moustache|mustache|nose|person|spy|tache|tash
😎	smiling face with sunglasses	Smileys & Emotion	face-glasses	awesome|beach|bright|bro|chilling|cool|face|rad|relaxed|shades|slay|smile|style|sunglasses|swag|win
🤓	nerd face	Smileys & Emotion	face-glasses	brainy|clever|expert|face|geek|gifted|glasses|intelligent|nerd|smart
🧐	face with monocle	Smileys & Emotion	face-glasses	classy|face|fancy|monocle|rich|stuffy|wealthy
😕	confused face	Smileys & Emotion	face-concerned	befuddled|confused|confusing|dunno|face|frown|hm|meh|not|sad|sorry|sure
🫤	face with diagonal mouth	Smileys & Emotion	face-concerned	confused|confusion|diagonal|disappointed|doubt|doubtful|face|frustrated|frustration|meh|mouth|skeptical|unsure|whatever|wtv
😟	worried face	Smileys & Emotion	face-concerned	anxious|butterflies|face|nerves|nervous|sad|stress|stressed|surprised|worried|worry
🙁	slightly frowning face	Smileys & Emotion	face-concerned	face|frown|frowning|sad|slightly
☹️	frowning face	Smileys & Emotion	face-concerned	face|frown|frowning|sad
😮	face with open mouth	Smileys & Emotion	face-concerned	believe|face|forgot|mouth|omg|open|shocked|surprised|sympathy|unbelievable|unreal|whoa|wow|you
😯	hushed face	Smileys & Emotion	face-concerned	epic|face|hushed|omg|stunned|surprised|whoa|woah
😲	astonished face	Smileys & Emotion	face-concerned	astonished|cost|face|no|omg|shocked|totally|way
😳	flushed face	Smileys & Emotion	face-concerned	amazed|awkward|crazy|dazed|dead|disbelief|embarrassed|face|flushed|geez|heat|hot|impressed|jeez|what|wow
🫪	distorted face	Smileys & Emotion	face-concerned	anxiety|bloated|panic|shocked|surprised|vulnerable
🥺	pleading face	Smileys & Emotion	face-concerned	begging|big|eyes|face|mercy|not|pleading|please|pretty|puppy|sad|why
🥹	face holding back tears	Smileys & Emotion	face-concerned	admiration|aww|back|cry|embarrassed|face|feelings|grateful|gratitude|holding|joy|please|proud|resist|sad|tears
😦	frowning face with open mouth	Smileys & Emotion	face-concerned	caught|face|frown|frowning|guard|mouth|open|scared|scary|surprise|what|wow
😧	anguished face	Smileys & Emotion	face-concerned	anguished|face|forgot|scared|scary|stressed|surprise|unhappy|what|wow
😨	fearful face	Smileys & Emotion	face-concerned	afraid|anxious|blame|face|fear|fearful|scared|worried
😰	anxious face with sweat	Smileys & Emotion	face-concerned	anxious|blue|cold|eek|face|mouth|nervous|open|rushed|scared|sweat|yikes
😥	sad but relieved face	Smileys & Emotion	face-concerned	anxious|call|close|complicated|disappointed|face|not|relieved|sad|sweat|time|whew
😢	crying face	Smileys & Emotion	face-concerned	awful|cry|crying|face|feels|miss|sad|tear|triste|unhappy
😭	loudly crying face	Smileys & Emotion	face-concerned	bawling|cry|crying|face|loudly|sad|sob|tear|tears|unhappy
😱	face screaming in fear	Smileys & Emotion	face-concerned	epic|face|fear|fearful|munch|scared|scream|screamer|screaming|shocked|surprised|woah
😖	confounded face	Smileys & Emotion	face-concerned	annoyed|confounded|confused|cringe|distraught|face|feels|frustrated|mad|sad
😣	persevering face	Smileys & Emotion	face-concerned	concentrate|concentration|face|focus|headache|persevere|persevering
😞	disappointed face	Smileys & Emotion	face-concerned	awful|blame|dejected|disappointed|face|fail|losing|sad|unhappy
😓	downcast face with sweat	Smileys & Emotion	face-concerned	close|cold|downcast|face|feels|headache|nervous|sad|scared|sweat|yikes
😩	weary face	Smileys & Emotion	face-concerned	crying|face|fail|feels|hungry|mad|nooo|sad|sleepy|tired|unhappy|weary
😫	tired face	Smileys & Emotion	face-concerned	cost|face|feels|nap|sad|sneeze|tired
🥱	yawning face	Smileys & Emotion	face-concerned	bedtime|bored|face|goodnight|nap|night|sleep|sleepy|tired|whatever|yawn|yawning|zzz
😤	face with steam from nose	Smileys & Emotion	face-negative	anger|angry|face|feels|fume|fuming|furious|fury|mad|nose|steam|triumph|unhappy|won
😡	enraged face	Smileys & Emotion	face-negative	anger|angry|enraged|face|feels|mad|maddening|pouting|rage|red|shade|unhappy|upset
😠	angry face	Smileys & Emotion	face-negative	anger|angry|blame|face|feels|frustrated|mad|maddening|rage|shade|unhappy|upset
🤬	face with symbols on mouth	Smileys & Emotion	face-negative	censor|cursing|cussing|face|mad|mouth|pissed|swearing|symbols
😈	smiling face with horns	Smileys & Emotion	face-negative	demon|devil|evil|face|fairy|fairytale|fantasy|horns|purple|shade|smile|smiling|tale
👿	angry face with horns	Smileys & Emotion	face-negative	angry|demon|devil|evil|face|fairy|fairytale|fantasy|horns|imp|mischievous|purple|shade|tale
💀	skull	Smileys & Emotion	face-negative	body|dead|death|face|fairy|fairytale|i’m|lmao|monster|tale|yolo
☠️	skull and crossbones	Smileys & Emotion	face-negative	bone|crossbones|dead|death|face|monster|skull
💩	pile of poo	Smileys & Emotion	face-costume	bs|comic|doo|dung|face|fml|monster|pile|poo|poop|smelly|smh|stink|stinks|stinky|turd
🤡	clown face	Smileys & Emotion	face-costume	clown|face
👹	ogre	Smileys & Emotion	face-costume	creature|devil|face|fairy|fairytale|fantasy|mask|monster|scary|tale
👺	goblin	Smileys & Emotion	face-costume	angry|creature|face|fairy|fairytale|fantasy|mask|mean|monster|tale
👻	ghost	Smileys & Emotion	face-costume	boo|creature|excited|face|fairy|fairytale|fantasy|halloween|haunting|monster|scary|silly|tale
👽	alien	Smileys & Emotion	face-costume	creature|extraterrestrial|face|fairy|fairytale|fantasy|monster|space|tale|ufo
👾	alien monster	Smileys & Emotion	face-costume	alien|creature|extraterrestrial|face|fairy|fairytale|fantasy|game|gamer|games|monster|pixelated|space|tale|ufo
🤖	robot	Smileys & Emotion	face-costume	face|monster
😺	grinning cat	Smileys & Emotion	cat-face	animal|cat|face|grinning|mouth|open|smile|smiling
😸	grinning cat with smiling eyes	Smileys & Emotion	cat-face	animal|cat|eye|eyes|face|grin|grinning|smile|smiling
😹	cat with tears of joy	Smileys & Emotion	cat-face	animal|cat|face|joy|laugh|laughing|lol|tear|tears
😻	smiling cat with heart-eyes	Smileys & Emotion	cat-face	animal|cat|eye|face|heart|heart-eyes|love|smile|smiling
😼	cat with wry smile	Smileys & Emotion	cat-face	animal|cat|face|ironic|smile|wry
😽	kissing cat	Smileys & Emotion	cat-face	animal|cat|closed|eye|eyes|face|kiss|kissing
🙀	weary cat	Smileys & Emotion	cat-face	animal|cat|face|oh|surprised|weary
😿	crying cat	Smileys & Emotion	cat-face	animal|cat|cry|crying|face|sad|tear
😾	pouting cat	Smileys & Emotion	cat-face	animal|cat|face|pouting
🙈	see-no-evil monkey	Smileys & Emotion	monkey-face	embarrassed|evil|face|forbidden|forgot|gesture|hide|monkey|no|omg|prohibited|scared|secret|smh|watch
🙉	hear-no-evil monkey	Smileys & Emotion	monkey-face	animal|ears|evil|face|forbidden|gesture|hear|listen|monkey|no|not|prohibited|secret|shh|tmi
🙊	speak-no-evil monkey	Smileys & Emotion	monkey-face	animal|evil|face|forbidden|gesture|monkey|no|not|oops|prohibited|quiet|secret|speak|stealth
💌	love letter	Smileys & Emotion	heart	heart|letter|love|mail|romance|valentine
💘	heart with arrow	Smileys & Emotion	heart	143|adorbs|arrow|cupid|date|emotion|heart|ily|love|romance|valentine
💝	heart with ribbon	Smileys & Emotion	heart	143|anniversary|emotion|heart|ily|kisses|ribbon|valentine|xoxo
💖	sparkling heart	Smileys & Emotion	heart	143|emotion|excited|good|heart|ily|kisses|morning|night|sparkle|sparkling|xoxo
💗	growing heart	Smileys & Emotion	heart	143|emotion|excited|growing|heart|heartpulse|ily|kisses|muah|nervous|pulse|xoxo
💓	beating heart	Smileys & Emotion	heart	143|beating|cardio|emotion|heart|heartbeat|ily|love|pulsating|pulse
💞	revolving hearts	Smileys & Emotion	heart	143|adorbs|anniversary|emotion|heart|hearts|revolving
💕	two hearts	Smileys & Emotion	heart	143|anniversary|date|dating|emotion|heart|hearts|ily|kisses|love|loving|two|xoxo
💟	heart decoration	Smileys & Emotion	heart	143|decoration|emotion|heart|hearth|purple|white
❣️	heart exclamation	Smileys & Emotion	heart	exclamation|heart|heavy|mark|punctuation
💔	broken heart	Smileys & Emotion	heart	break|broken|crushed|emotion|heart|heartbroken|lonely|sad
❤️‍🔥	heart on fire	Smileys & Emotion	heart	burn|fire|heart|love|lust|sacred
❤️‍🩹	mending heart	Smileys & Emotion	heart	healthier|heart|improving|mending|recovering|recuperating|well
❤️	red heart	Smileys & Emotion	heart	emotion|heart|love|red
🩷	pink heart	Smileys & Emotion	heart	143|adorable|cute|emotion|heart|ily|like|love|pink|special|sweet
🧡	orange heart	Smileys & Emotion	heart	143|heart|orange
💛	yellow heart	Smileys & Emotion	heart	143|cardiac|emotion|heart|ily|love|yellow
💚	green heart	Smileys & Emotion	heart	143|emotion|green|heart|ily|love|romantic
💙	blue heart	Smileys & Emotion	heart	143|blue|emotion|heart|ily|love|romance
🩵	light blue heart	Smileys & Emotion	heart	143|blue|cute|cyan|emotion|heart|ily|light|like|love|sky|special|teal
💜	purple heart	Smileys & Emotion	heart	143|bestest|emotion|heart|ily|love|purple
🤎	brown heart	Smileys & Emotion	heart	143|brown|heart
🖤	black heart	Smileys & Emotion	heart	black|evil|heart|wicked
🩶	grey heart	Smileys & Emotion	heart	143|emotion|gray|grey|heart|ily|love|silver|slate|special
🤍	white heart	Smileys & Emotion	heart	143|heart|white
💋	kiss mark	Smileys & Emotion	emotion	dating|emotion|heart|kiss|kissing|lips|mark|romance|sexy
💯	hundred points	Smileys & Emotion	emotion	100|a+|agree|clearly|definitely|faithful|fleek|full|hundred|keep|perfect|point|score|TRUE|truth|yup
💢	anger symbol	Smileys & Emotion	emotion	anger|angry|comic|mad|symbol|upset
🫯	fight cloud	Smileys & Emotion	emotion	argument|brawl|debate|disagreement|fight|ruckus|wrestle
💥	collision	Smileys & Emotion	emotion	bomb|boom|collide|comic|explode
💫	dizzy	Smileys & Emotion	emotion	comic|shining|shooting|star|stars
💦	sweat droplets	Smileys & Emotion	emotion	comic|drip|droplet|droplets|drops|splashing|squirt|sweat|water|wet|work|workout
💨	dashing away	Smileys & Emotion	emotion	away|cloud|comic|dash|dashing|fart|fast|go|gone|gotta|running|smoke
🕳️	hole	Smileys & Emotion	emotion	
💬	speech balloon	Smileys & Emotion	emotion	balloon|bubble|comic|dialog|message|sms|speech|talk|text|typing
👁️‍🗨️	eye in speech bubble	Smileys & Emotion	emotion	balloon|bubble|eye|speech|witness
🗨️	left speech bubble	Smileys & Emotion	emotion	balloon|bubble|dialog|left|speech
🗯️	right anger bubble	Smileys & Emotion	emotion	anger|angry|balloon|bubble|mad|right
💭	thought balloon	Smileys & Emotion	emotion	balloon|bubble|cartoon|cloud|comic|daydream|decisions|dream|idea|invent|invention|realize|think|thoughts|wonder
💤	ZZZ	Smileys & Emotion	emotion	comic|good|goodnight|night|sleep|sleeping|sleepy|tired
👋	waving hand	People & Body	hand-fingers-open	bye|cya|g2g|greetings|gtg|hand|hello|hey|hi|later|outtie|ttfn|ttyl|wave|yo|you
🤚	raised back of hand	People & Body	hand-fingers-open	back|backhand|hand|raised
🖐️	hand with fingers splayed	People & Body	hand-fingers-open	finger|fingers|hand|raised|splayed|stop
✋	raised hand	People & Body	hand-fingers-open	5|five|hand|high|raised|stop
🖖	vulcan salute	People & Body	hand-fingers-open	finger|hand|hands|salute|Vulcan
🫱	rightwards hand	People & Body	hand-fingers-open	hand|handshake|hold|reach|right|rightward|rightwards|shake
🫲	leftwards hand	People & Body	hand-fingers-open	hand|handshake|hold|left|leftward|leftwards|reach|shake
🫳	palm down hand	People & Body	hand-fingers-open	dismiss|down|drop|dropped|hand|palm|pick|shoo|up
🫴	palm up hand	People & Body	hand-fingers-open	beckon|catch|come|hand|hold|know|lift|me|offer|palm|tell
🫷	leftwards pushing hand	People & Body	hand-fingers-open	block|five|halt|hand|high|hold|leftward|leftwards|pause|push|pushing|refuse|slap|stop|wait
🫸	rightwards pushing hand	People & Body	hand-fingers-open	block|five|halt|hand|high|hold|pause|push|pushing|refuse|rightward|rightwards|slap|stop|wait
👌	OK hand	People & Body	hand-fingers-partial	awesome|bet|dope|fleek|fosho|got|gotcha|hand|legit|OK|okay|pinch|rad|sure|sweet|three
🤌	pinched fingers	People & Body	hand-fingers-partial	fingers|gesture|hand|hold|huh|interrogation|patience|pinched|relax|sarcastic|ugh|what|zip
🤏	pinching hand	People & Body	hand-fingers-partial	amount|bit|fingers|hand|little|pinching|small|sort
✌️	victory hand	People & Body	hand-fingers-partial	hand|peace|v|victory
🤞	crossed fingers	People & Body	hand-fingers-partial	cross|crossed|finger|fingers|hand|luck
🫰	hand with index finger and thumb crossed	People & Body	hand-fingers-partial	<3|crossed|expensive|finger|hand|heart|index|love|money|snap|thumb
🤟	love-you gesture	People & Body	hand-fingers-partial	fingers|gesture|hand|ILY|love|love-you|three|you
🤘	sign of the horns	People & Body	hand-fingers-partial	finger|hand|horns|rock-on|sign
🤙	call me hand	People & Body	hand-fingers-partial	call|hand|hang|loose|me|Shaka
👈	backhand index pointing left	People & Body	hand-single-finger	backhand|finger|hand|index|left|point|pointing
👉	backhand index pointing right	People & Body	hand-single-finger	backhand|finger|hand|index|point|pointing|right
👆	backhand index pointing up	People & Body	hand-single-finger	backhand|finger|hand|index|point|pointing|up
🖕	middle finger	People & Body	hand-single-finger	finger|hand|middle
👇	backhand index pointing down	People & Body	hand-single-finger	backhand|down|finger|hand|index|point|pointing
☝️	index pointing up	People & Body	hand-single-finger	finger|hand|index|point|pointing|this|up
🫵	index pointing at the viewer	People & Body	hand-single-finger	at|finger|hand|index|pointing|poke|viewer|you
👍	thumbs up	People & Body	hand-fingers-closed	+1|good|hand|like|thumb|up|yes
👎	thumbs down	People & Body	hand-fingers-closed	-1|bad|dislike|down|good|hand|no|nope|thumb|thumbs
🫹	leftwards thumb sign	People & Body	hand-fingers-closed	
🫺	rightwards thumb sign	People & Body	hand-fingers-closed	
✊	raised fist	People & Body	hand-fingers-closed	clenched|fist|hand|punch|raised|solidarity
👊	oncoming fist	People & Body	hand-fingers-closed	absolutely|agree|boom|bro|bruh|bump|clenched|correct|fist|hand|knuckle|oncoming|pound|punch|rock|ttyl
🤛	left-facing fist	People & Body	hand-fingers-closed	fist|left-facing|leftwards
🤜	right-facing fist	People & Body	hand-fingers-closed	fist|right-facing|rightwards
👏	clapping hands	People & Body	hands	applause|approval|awesome|clap|congrats|congratulations|excited|good|great|hand|homie|job|nice|prayed|well|yay
🙌	raising hands	People & Body	hands	celebration|gesture|hand|hands|hooray|praise|raised|raising
🫶	heart hands	People & Body	hands	<3|hands|heart|love|you
👐	open hands	People & Body	hands	hand|hands|hug|jazz|open|swerve
🤲	palms up together	People & Body	hands	cupped|dua|hands|palms|pray|prayer|together|up|wish
🤝	handshake	People & Body	hands	agreement|deal|hand|meeting|shake
🙏	folded hands	People & Body	hands	appreciate|ask|beg|blessed|bow|cmon|five|folded|gesture|hand|high|please|pray|thanks|thx
✍️	writing hand	People & Body	hand-prop	hand|write|writing
💅	nail polish	People & Body	hand-prop	bored|care|cosmetics|done|makeup|manicure|nail|polish|whatever
🤳	selfie	People & Body	hand-prop	camera|phone
💪	flexed biceps	People & Body	body-parts	arm|beast|bench|biceps|bodybuilder|bro|curls|flex|gains|gym|jacked|muscle|press|ripped|strong|weightlift
🦾	mechanical arm	People & Body	body-parts	accessibility|arm|mechanical|prosthetic
🦿	mechanical leg	People & Body	body-parts	accessibility|leg|mechanical|prosthetic
🦵	leg	People & Body	body-parts	bent|foot|kick|knee|limb
🦶	foot	People & Body	body-parts	ankle|feet|kick|stomp
👂	ear	People & Body	body-parts	body|ears|hear|hearing|listen|listening|sound
🦻	ear with hearing aid	People & Body	body-parts	accessibility|aid|ear|hard|hearing
👃	nose	People & Body	body-parts	body|noses|nosey|odor|smell|smells
🧠	brain	People & Body	body-parts	intelligent|smart
🫀	anatomical heart	People & Body	body-parts	anatomical|beat|cardiology|heart|heartbeat|organ|pulse|real|red
🫁	lungs	People & Body	body-parts	breath|breathe|exhalation|inhalation|lung|organ|respiration
🦷	tooth	People & Body	body-parts	dentist|pearly|teeth|white
🦴	bone	People & Body	body-parts	bones|dog|skeleton|wishbone
👀	eyes	People & Body	body-parts	body|eye|face|googly|look|looking|omg|peep|see|seeing
👁️	eye	People & Body	body-parts	1|body|one
👅	tongue	People & Body	body-parts	body|lick|slurp
👄	mouth	People & Body	body-parts	beauty|body|kiss|kissing|lips|lipstick
🫦	biting lip	People & Body	body-parts	anxious|bite|biting|fear|flirt|flirting|kiss|lip|lipstick|nervous|sexy|uncomfortable|worried|worry
👶	baby	People & Body	person	babies|children|goo|infant|newborn|pregnant|young
🧒	child	People & Body	person	bright-eyed|grandchild|kid|young|younger
👦	boy	People & Body	person	bright-eyed|child|grandson|kid|son|young|younger
👧	girl	People & Body	person	bright-eyed|child|daughter|granddaughter|kid|Virgo|young|younger|zodiac
🧑	person	People & Body	person	adult
👱	person: blond hair	People & Body	person	blond|blond-haired|human|person
👨	man	People & Body	person	adult|bro
🧔	person: beard	People & Body	person	beard|bearded|person|whiskers
🧔‍♂️	man: beard	People & Body	person	beard|bearded|man|whiskers
🧔‍♀️	woman: beard	People & Body	person	beard|bearded|whiskers|woman
👨‍🦰	man: red hair	People & Body	person	adult|bro|man|red hair
👨‍🦱	man: curly hair	People & Body	person	adult|bro|curly hair|man
👨‍🦳	man: white hair	People & Body	person	adult|bro|man|white hair
👨‍🦲	man: bald	People & Body	person	adult|bald|bro|man
👩	woman	People & Body	person	adult|lady
👩‍🦰	woman: red hair	People & Body	person	adult|lady|red hair|woman
🧑‍🦰	person: red hair	People & Body	person	adult|person|red hair
👩‍🦱	woman: curly hair	People & Body	person	adult|curly hair|lady|woman
🧑‍🦱	person: curly hair	People & Body	person	adult|curly hair|person
👩‍🦳	woman: white hair	People & Body	person	adult|lady|white hair|woman
🧑‍🦳	person: white hair	People & Body	person	adult|person|white hair
👩‍🦲	woman: bald	People & Body	person	adult|bald|lady|woman
🧑‍🦲	person: bald	People & Body	person	adult|bald|person
👱‍♀️	woman: blond hair	People & Body	person	blond|blond-haired|blonde|hair|woman
👱‍♂️	man: blond hair	People & Body	person	blond|blond-haired|hair|man
🧓	older person	People & Body	person	adult|elderly|grandparent|old|person|wise
👴	old man	People & Body	person	adult|bald|elderly|gramps|grandfather|grandpa|man|old|wise
👵	old woman	People & Body	person	adult|elderly|grandma|grandmother|granny|lady|old|wise|woman
🙍	person frowning	People & Body	person-gesture	annoyed|disappointed|disgruntled|disturbed|frown|frowning|frustrated|gesture|irritated|person|upset
🙍‍♂️	man frowning	People & Body	person-gesture	annoyed|disappointed|disgruntled|disturbed|frown|frowning|frustrated|gesture|irritated|man|upset
🙍‍♀️	woman frowning	People & Body	person-gesture	annoyed|disappointed|disgruntled|disturbed|frown|frowning|frustrated|gesture|irritated|upset|woman
🙎	person pouting	People & Body	person-gesture	disappointed|downtrodden|frown|grimace|person|pouting|scowl|sulk|upset|whine
🙎‍♂️	man pouting	People & Body	person-gesture	disappointed|downtrodden|frown|grimace|man|pouting|scowl|sulk|upset|whine
🙎‍♀️	woman pouting	People & Body	person-gesture	disappointed|downtrodden|frown|grimace|pouting|scowl|sulk|upset|whine|woman
🙅	person gesturing NO	People & Body	person-gesture	forbidden|gesture|hand|NO|not|person|prohibit
🙅‍♂️	man gesturing NO	People & Body	person-gesture	forbidden|gesture|hand|man|NO|not|prohibit
🙅‍♀️	woman gesturing NO	People & Body	person-gesture	forbidden|gesture|hand|NO|not|prohibit|woman
🙆	person gesturing OK	People & Body	person-gesture	exercise|gesture|gesturing|hand|OK|omg|person
🙆‍♂️	man gesturing OK	People & Body	person-gesture	exercise|gesture|gesturing|hand|man|OK|omg
🙆‍♀️	woman gesturing OK	People & Body	person-gesture	exercise|gesture|gesturing|hand|OK|omg|woman
💁	person tipping hand	People & Body	person-gesture	fetch|flick|flip|gossip|hand|person|sarcasm|sarcastic|sassy|seriously|tipping|whatever
💁‍♂️	man tipping hand	People & Body	person-gesture	fetch|flick|flip|gossip|hand|man|sarcasm|sarcastic|sassy|seriously|tipping|whatever
💁‍♀️	woman tipping hand	People & Body	person-gesture	fetch|flick|flip|gossip|hand|sarcasm|sarcastic|sassy|seriously|tipping|whatever|woman
🙋	person raising hand	People & Body	person-gesture	gesture|hand|here|know|me|person|pick|question|raise|raising
🙋‍♂️	man raising hand	People & Body	person-gesture	gesture|hand|here|know|man|me|pick|question|raise|raising
🙋‍♀️	woman raising hand	People & Body	person-gesture	gesture|hand|here|know|me|pick|question|raise|raising|woman
🧏	deaf person	People & Body	person-gesture	accessibility|deaf|ear|gesture|hear|person
🧏‍♂️	deaf man	People & Body	person-gesture	accessibility|deaf|ear|gesture|hear|man
🧏‍♀️	deaf woman	People & Body	person-gesture	accessibility|deaf|ear|gesture|hear|woman
🙇	person bowing	People & Body	person-gesture	apology|ask|beg|bow|bowing|favor|forgive|gesture|meditate|meditation|person|pity|regret|sorry
🙇‍♂️	man bowing	People & Body	person-gesture	apology|ask|beg|bow|bowing|favor|forgive|gesture|man|meditate|meditation|pity|regret|sorry
🙇‍♀️	woman bowing	People & Body	person-gesture	apology|ask|beg|bow|bowing|favor|forgive|gesture|meditate|meditation|pity|regret|sorry|woman
🤦	person facepalming	People & Body	person-gesture	again|bewilder|disbelief|exasperation|facepalm|no|not|oh|omg|person|shock|smh
🤦‍♂️	man facepalming	People & Body	person-gesture	again|bewilder|disbelief|exasperation|facepalm|man|no|not|oh|omg|shock|smh
🤦‍♀️	woman facepalming	People & Body	person-gesture	again|bewilder|disbelief|exasperation|facepalm|no|not|oh|omg|shock|smh|woman
🤷	person shrugging	People & Body	person-gesture	doubt|dunno|guess|idk|ignorance|indifference|knows|maybe|person|shrug|shrugging|whatever|who
🤷‍♂️	man shrugging	People & Body	person-gesture	doubt|dunno|guess|idk|ignorance|indifference|knows|man|maybe|shrug|shrugging|whatever|who
🤷‍♀️	woman shrugging	People & Body	person-gesture	doubt|dunno|guess|idk|ignorance|indifference|knows|maybe|shrug|shrugging|whatever|who|woman
🧑‍⚕️	health worker	People & Body	person-role	doctor|health|healthcare|nurse|therapist|worker
👨‍⚕️	man health worker	People & Body	person-role	doctor|health|healthcare|man|nurse|therapist|worker
👩‍⚕️	woman health worker	People & Body	person-role	doctor|health|healthcare|nurse|therapist|woman|worker
🧑‍🎓	student	People & Body	person-role	graduate
👨‍🎓	man student	People & Body	person-role	graduate|man|student
👩‍🎓	woman student	People & Body	person-role	graduate|student|woman
🧑‍🏫	teacher	People & Body	person-role	instructor|lecturer|professor
👨‍🏫	man teacher	People & Body	person-role	instructor|lecturer|man|professor|teacher
👩‍🏫	woman teacher	People & Body	person-role	instructor|lecturer|professor|teacher|woman
🧑‍⚖️	judge	People & Body	person-role	justice|law|scales
👨‍⚖️	man judge	People & Body	person-role	judge|justice|law|man|scales
👩‍⚖️	woman judge	People & Body	person-role	judge|justice|law|scales|woman
🧑‍🌾	farmer	People & Body	person-role	gardener|rancher
👨‍🌾	man farmer	People & Body	person-role	farmer|gardener|man|rancher
👩‍🌾	woman farmer	People & Body	person-role	farmer|gardener|rancher|woman
🧑‍🍳	cook	People & Body	person-role	chef
👨‍🍳	man cook	People & Body	person-role	chef|cook|man
👩‍🍳	woman cook	People & Body	person-role	chef|cook|woman
🧑‍🔧	mechanic	People & Body	person-role	electrician|plumber|tradesperson
👨‍🔧	man mechanic	People & Body	person-role	electrician|man|mechanic|plumber|tradesperson
👩‍🔧	woman mechanic	People & Body	person-role	electrician|mechanic|plumber|tradesperson|woman
🧑‍🏭	factory worker	People & Body	person-role	assembly|factory|industrial|worker
👨‍🏭	man factory worker	People & Body	person-role	assembly|factory|industrial|man|worker
👩‍🏭	woman factory worker	People & Body	person-role	assembly|factory|industrial|woman|worker
🧑‍💼	office worker	People & Body	person-role	architect|business|manager|office|white-collar|worker
👨‍💼	man office worker	People & Body	person-role	architect|business|man|manager|office|white-collar|worker
👩‍💼	woman office worker	People & Body	person-role	architect|business|manager|office|white-collar|woman|worker
🧑‍🔬	scientist	People & Body	person-role	biologist|chemist|engineer|mathematician|physicist
👨‍🔬	man scientist	People & Body	person-role	biologist|chemist|engineer|man|mathematician|physicist|scientist
👩‍🔬	woman scientist	People & Body	person-role	biologist|chemist|engineer|mathematician|physicist|scientist|woman
🧑‍💻	technologist	People & Body	person-role	coder|computer|developer|inventor|software
👨‍💻	man technologist	People & Body	person-role	coder|computer|developer|inventor|man|software|technologist
👩‍💻	woman technologist	People & Body	person-role	coder|computer|developer|inventor|software|technologist|woman
🧑‍🎤	singer	People & Body	person-role	actor|entertainer|rock|rockstar|star
👨‍🎤	man singer	People & Body	person-role	actor|entertainer|man|rock|rockstar|singer|star
👩‍🎤	woman singer	People & Body	person-role	actor|entertainer|rock|rockstar|singer|star|woman
🧑‍🎨	artist	People & Body	person-role	palette
👨‍🎨	man artist	People & Body	person-role	artist|man|palette
👩‍🎨	woman artist	People & Body	person-role	artist|palette|woman
🧑‍✈️	pilot	People & Body	person-role	plane
👨‍✈️	man pilot	People & Body	person-role	man|pilot|plane
👩‍✈️	woman pilot	People & Body	person-role	pilot|plane|woman
🧑‍🚀	astronaut	People & Body	person-role	rocket|space
👨‍🚀	man astronaut	People & Body	person-role	astronaut|man|rocket|space
👩‍🚀	woman astronaut	People & Body	person-role	astronaut|rocket|space|woman
🧑‍🚒	firefighter	People & Body	person-role	fire|firetruck
👨‍🚒	man firefighter	People & Body	person-role	fire|firefighter|firetruck|man
👩‍🚒	woman firefighter	People & Body	person-role	fire|firefighter|firetruck|woman
👮	police officer	People & Body	person-role	apprehend|arrest|citation|cop|law|officer|over|police|pulled|undercover
👮‍♂️	man police officer	People & Body	person-role	apprehend|arrest|citation|cop|law|man|officer|over|police|pulled|undercover
👮‍♀️	woman police officer	People & Body	person-role	apprehend|arrest|citation|cop|law|officer|over|police|pulled|undercover|woman
🕵️	detective	People & Body	person-role	sleuth|spy
🕵️‍♂️	man detective	People & Body	person-role	detective|man|sleuth|spy
🕵️‍♀️	woman detective	People & Body	person-role	detective|sleuth|spy|woman
💂	guard	People & Body	person-role	buckingham|helmet|london|palace
💂‍♂️	man guard	People & Body	person-role	buckingham|guard|helmet|london|man|palace
💂‍♀️	woman guard	People & Body	person-role	buckingham|guard|helmet|london|palace|woman
🥷	ninja	People & Body	person-role	assassin|fight|fighter|hidden|person|secret|skills|sly|soldier|stealth|war
👷	construction worker	People & Body	person-role	build|construction|fix|hardhat|hat|man|person|rebuild|remodel|repair|work|worker
👷‍♂️	man construction worker	People & Body	person-role	build|construction|fix|hardhat|hat|man|rebuild|remodel|repair|work|worker
👷‍♀️	woman construction worker	People & Body	person-role	build|construction|fix|hardhat|hat|man|rebuild|remodel|repair|woman|work|worker
🫅	person with crown	People & Body	person-role	crown|monarch|noble|person|regal|royal|royalty
🤴	prince	People & Body	person-role	crown|fairy|fairytale|fantasy|king|royal|royalty|tale
👸	princess	People & Body	person-role	crown|fairy|fairytale|fantasy|queen|royal|royalty|tale
👳	person wearing turban	People & Body	person-role	person|turban|wearing
👳‍♂️	man wearing turban	People & Body	person-role	man|turban|wearing
👳‍♀️	woman wearing turban	People & Body	person-role	turban|wearing|woman
👲	person with skullcap	People & Body	person-role	cap|Chinese|gua|guapi|hat|mao|person|pi|skullcap
🧕	woman with headscarf	People & Body	person-role	bandana|head|headscarf|hijab|kerchief|mantilla|tichel|woman
🤵	person in tuxedo	People & Body	person-role	formal|person|tuxedo|wedding
🤵‍♂️	man in tuxedo	People & Body	person-role	formal|groom|man|tuxedo|wedding
🤵‍♀️	woman in tuxedo	People & Body	person-role	formal|tuxedo|wedding|woman
👰	person with veil	People & Body	person-role	person|veil|wedding
👰‍♂️	man with veil	People & Body	person-role	man|veil|wedding
👰‍♀️	woman with veil	People & Body	person-role	bride|veil|wedding|woman
🤰	pregnant woman	People & Body	person-role	pregnant|woman
🫃	pregnant man	People & Body	person-role	belly|bloated|full|man|overeat|pregnant
🫄	pregnant person	People & Body	person-role	belly|bloated|full|overeat|person|pregnant|stuffed
🤱	breast-feeding	People & Body	person-role	baby|breast|feeding|mom|mother|nursing|woman
👩‍🍼	woman feeding baby	People & Body	person-role	baby|feed|feeding|mom|mother|nanny|newborn|nursing|woman
👨‍🍼	man feeding baby	People & Body	person-role	baby|dad|father|feed|feeding|man|nanny|newborn|nursing
🧑‍🍼	person feeding baby	People & Body	person-role	baby|feed|feeding|nanny|newborn|nursing|parent
👼	baby angel	People & Body	person-fantasy	angel|baby|church|face|fairy|fairytale|fantasy|tale
🎅	Santa Claus	People & Body	person-fantasy	celebration|Christmas|claus|fairy|fantasy|father|holiday|merry|santa|tale|xmas
🤶	Mrs. Claus	People & Body	person-fantasy	celebration|Christmas|claus|fairy|fantasy|holiday|merry|mother|Mrs|santa|tale|xmas
🧑‍🎄	Mx Claus	People & Body	person-fantasy	celebration|Christmas|claus|fairy|fantasy|holiday|merry|Mx|santa|tale|xmas
🦸	superhero	People & Body	person-fantasy	good|hero|superpower
🦸‍♂️	man superhero	People & Body	person-fantasy	good|hero|man|superhero|superpower
🦸‍♀️	woman superhero	People & Body	person-fantasy	good|hero|heroine|superhero|superpower|woman
🦹	supervillain	People & Body	person-fantasy	bad|criminal|evil|superpower|villain
🦹‍♂️	man supervillain	People & Body	person-fantasy	bad|criminal|evil|man|superpower|supervillain|villain
🦹‍♀️	woman supervillain	People & Body	person-fantasy	bad|criminal|evil|superpower|supervillain|villain|woman
🧙	mage	People & Body	person-fantasy	fantasy|magic|play|sorcerer|sorceress|sorcery|spell|summon|witch|wizard
🧙‍♂️	man mage	People & Body	person-fantasy	fantasy|mage|magic|man|play|sorcerer|sorceress|sorcery|spell|summon|witch|wizard
🧙‍♀️	woman mage	People & Body	person-fantasy	fantasy|mage|magic|play|sorcerer|sorceress|sorcery|spell|summon|witch|wizard|woman
🧚	fairy	People & Body	person-fantasy	fairytale|fantasy|myth|person|pixie|tale|wings
🧚‍♂️	man fairy	People & Body	person-fantasy	fairy|fairytale|fantasy|man|myth|Oberon|person|pixie|Puck|tale|wings
🧚‍♀️	woman fairy	People & Body	person-fantasy	fairy|fairytale|fantasy|myth|person|pixie|tale|Titania|wings|woman
🧛	vampire	People & Body	person-fantasy	blood|Dracula|fangs|halloween|scary|supernatural|teeth|undead
🧛‍♂️	man vampire	People & Body	person-fantasy	blood|fangs|halloween|man|scary|supernatural|teeth|undead|vampire
🧛‍♀️	woman vampire	People & Body	person-fantasy	blood|fangs|halloween|scary|supernatural|teeth|undead|vampire|woman
🧜	merperson	People & Body	person-fantasy	creature|fairytale|folklore|ocean|sea|siren|trident
🧜‍♂️	merman	People & Body	person-fantasy	creature|fairytale|folklore|Neptune|ocean|Poseidon|sea|siren|trident|Triton
🧜‍♀️	mermaid	People & Body	person-fantasy	creature|fairytale|folklore|merwoman|ocean|sea|siren|trident
🧝	elf	People & Body	person-fantasy	elves|enchantment|fantasy|folklore|magic|magical|myth
🧝‍♂️	man elf	People & Body	person-fantasy	elf|elves|enchantment|fantasy|folklore|magic|magical|man|myth
🧝‍♀️	woman elf	People & Body	person-fantasy	elf|elves|enchantment|fantasy|folklore|magic|magical|myth|woman
🧞	genie	People & Body	person-fantasy	djinn|fantasy|jinn|lamp|myth|rub|wishes
🧞‍♂️	man genie	People & Body	person-fantasy	djinn|fantasy|genie|jinn|lamp|man|myth|rub|wishes
🧞‍♀️	woman genie	People & Body	person-fantasy	djinn|fantasy|genie|jinn|lamp|myth|rub|wishes|woman
🧟	zombie	People & Body	person-fantasy	apocalypse|dead|halloween|horror|scary|undead|walking
🧟‍♂️	man zombie	People & Body	person-fantasy	apocalypse|dead|halloween|horror|man|scary|undead|walking|zombie
🧟‍♀️	woman zombie	People & Body	person-fantasy	apocalypse|dead|halloween|horror|scary|undead|walking|woman|zombie
🧌	troll	People & Body	person-fantasy	fairy|fantasy|monster|tale|trolling
🫈	hairy creature	People & Body	person-fantasy	bigfoot|cryptid|forest|giant|hairy|sasquatch|woodwose|yeti
💆	person getting massage	People & Body	person-activity	face|getting|headache|massage|person|relax|relaxing|salon|soothe|spa|tension|therapy|treatment
💆‍♂️	man getting massage	People & Body	person-activity	face|getting|headache|man|massage|relax|relaxing|salon|soothe|spa|tension|therapy|treatment
💆‍♀️	woman getting massage	People & Body	person-activity	face|getting|headache|massage|relax|relaxing|salon|soothe|spa|tension|therapy|treatment|woman
💇	person getting haircut	People & Body	person-activity	barber|beauty|chop|cosmetology|cut|groom|hair|haircut|parlor|person|shears|style
💇‍♂️	man getting haircut	People & Body	person-activity	barber|beauty|chop|cosmetology|cut|groom|hair|haircut|man|parlor|person|shears|style
💇‍♀️	woman getting haircut	People & Body	person-activity	barber|beauty|chop|cosmetology|cut|groom|hair|haircut|parlor|person|shears|style|woman
🚶	person walking	People & Body	person-activity	amble|gait|hike|man|pace|pedestrian|person|stride|stroll|walk|walking
🚶‍♂️	man walking	People & Body	person-activity	amble|gait|hike|man|pace|pedestrian|stride|stroll|walk|walking
🚶‍♀️	woman walking	People & Body	person-activity	amble|gait|hike|man|pace|pedestrian|stride|stroll|walk|walking|woman
🚶‍➡️	person walking facing right	People & Body	person-activity	amble|facing|gait|hike|man|pace|pedestrian|person|right|stride|stroll|walk|walking
🚶‍♀️‍➡️	woman walking facing right	People & Body	person-activity	amble|facing|gait|hike|man|pace|pedestrian|right|stride|stroll|walk|walking|woman
🚶‍♂️‍➡️	man walking facing right	People & Body	person-activity	amble|facing|gait|hike|man|pace|pedestrian|right|stride|stroll|walk|walking
🧍	person standing	People & Body	person-activity	person|stand|standing
🧍‍♂️	man standing	People & Body	person-activity	man|stand|standing
🧍‍♀️	woman standing	People & Body	person-activity	stand|standing|woman
🧎	person kneeling	People & Body	person-activity	kneel|kneeling|knees|person
🧎‍♂️	man kneeling	People & Body	person-activity	kneel|kneeling|knees|man
🧎‍♀️	woman kneeling	People & Body	person-activity	kneel|kneeling|knees|woman
🧎‍➡️	person kneeling facing right	People & Body	person-activity	facing|kneel|kneeling|knees|person|right
🧎‍♀️‍➡️	woman kneeling facing right	People & Body	person-activity	facing|kneel|kneeling|knees|right|woman
🧎‍♂️‍➡️	man kneeling facing right	People & Body	person-activity	facing|kneel|kneeling|knees|man|right
🧑‍🦯	person with white cane	People & Body	person-activity	accessibility|blind|cane|person|probing|white
🧑‍🦯‍➡️	person with white cane facing right	People & Body	person-activity	accessibility|blind|cane|facing|person|probing|right|white
👨‍🦯	man with white cane	People & Body	person-activity	accessibility|blind|cane|man|probing|white
👨‍🦯‍➡️	man with white cane facing right	People & Body	person-activity	accessibility|blind|cane|facing|man|probing|right|white
👩‍🦯	woman with white cane	People & Body	person-activity	accessibility|blind|cane|probing|white|woman
👩‍🦯‍➡️	woman with white cane facing right	People & Body	person-activity	accessibility|blind|cane|facing|probing|right|white|woman
🧑‍🦼	person in motorized wheelchair	People & Body	person-activity	accessibility|motorized|person|wheelchair
🧑‍🦼‍➡️	person in motorized wheelchair facing right	People & Body	person-activity	accessibility|facing|motorized|person|right|wheelchair
👨‍🦼	man in motorized wheelchair	People & Body	person-activity	accessibility|man|motorized|wheelchair
👨‍🦼‍➡️	man in motorized wheelchair facing right	People & Body	person-activity	accessibility|facing|man|motorized|right|wheelchair
👩‍🦼	woman in motorized wheelchair	People & Body	person-activity	accessibility|motorized|wheelchair|woman
👩‍🦼‍➡️	woman in motorized wheelchair facing right	People & Body	person-activity	accessibility|facing|motorized|right|wheelchair|woman
🧑‍🦽	person in manual wheelchair	People & Body	person-activity	accessibility|manual|person|wheelchair
🧑‍🦽‍➡️	person in manual wheelchair facing right	People & Body	person-activity	accessibility|facing|manual|person|right|wheelchair
👨‍🦽	man in manual wheelchair	People & Body	person-activity	accessibility|man|manual|wheelchair
👨‍🦽‍➡️	man in manual wheelchair facing right	People & Body	person-activity	accessibility|facing|man|manual|right|wheelchair
👩‍🦽	woman in manual wheelchair	People & Body	person-activity	accessibility|manual|wheelchair|woman
👩‍🦽‍➡️	woman in manual wheelchair facing right	People & Body	person-activity	accessibility|facing|manual|right|wheelchair|woman
🏃	person running	People & Body	person-activity	fast|hurry|marathon|move|person|quick|race|racing|run|rush|speed
🏃‍♂️	man running	People & Body	person-activity	fast|hurry|man|marathon|move|quick|race|racing|run|rush|speed
🏃‍♀️	woman running	People & Body	person-activity	fast|hurry|marathon|move|quick|race|racing|run|rush|speed|woman
🏃‍➡️	person running facing right	People & Body	person-activity	facing|fast|hurry|marathon|move|person|quick|race|racing|right|run|rush|speed
🏃‍♀️‍➡️	woman running facing right	People & Body	person-activity	facing|fast|hurry|marathon|move|quick|race|racing|right|run|rush|speed|woman
🏃‍♂️‍➡️	man running facing right	People & Body	person-activity	facing|fast|hurry|man|marathon|move|quick|race|racing|right|run|rush|speed
🧑‍🩰	ballet dancer	People & Body	person-activity	ballet|dancer
💃	woman dancing	People & Body	person-activity	dance|dancer|dancing|elegant|festive|flair|flamenco|groove|let’s|salsa|tango|woman
🕺	man dancing	People & Body	person-activity	dance|dancer|dancing|elegant|festive|flair|flamenco|groove|let’s|man|salsa|tango
🕴️	person in suit levitating	People & Body	person-activity	business|levitating|person|suit
👯	people with bunny ears	People & Body	person-activity	bestie|bff|bunny|counterpart|dancer|double|ear|identical|pair|party|partying|people|soulmate|twin|twinsies
👯‍♂️	men with bunny ears	People & Body	person-activity	bestie|bff|bunny|counterpart|dancer|double|ear|identical|men|pair|party|partying|people|soulmate|twin|twinsies
👯‍♀️	women with bunny ears	People & Body	person-activity	bestie|bff|bunny|counterpart|dancer|double|ear|identical|pair|party|partying|people|soulmate|twin|twinsies|women
🧖	person in steamy room	People & Body	person-activity	day|luxurious|pamper|person|relax|room|sauna|spa|steam|steambath|unwind
🧖‍♂️	man in steamy room	People & Body	person-activity	day|luxurious|man|pamper|relax|room|sauna|spa|steam|steambath|unwind
🧖‍♀️	woman in steamy room	People & Body	person-activity	day|luxurious|pamper|relax|room|sauna|spa|steam|steambath|unwind|woman
🧗	person climbing	People & Body	person-activity	climb|climber|climbing|mountain|person|rock|scale|up
🧗‍♂️	man climbing	People & Body	person-activity	climb|climber|climbing|man|mountain|rock|scale|up
🧗‍♀️	woman climbing	People & Body	person-activity	climb|climber|climbing|mountain|rock|scale|up|woman
🤺	person fencing	People & Body	person-sport	fencer|fencing|person|sword
🏇	horse racing	People & Body	person-sport	horse|jockey|racehorse|racing|riding|sport
⛷️	skier	People & Body	person-sport	ski|snow
🏂	snowboarder	People & Body	person-sport	ski|snow|snowboard|sport
🏌️	person golfing	People & Body	person-sport	ball|birdie|caddy|driving|golf|golfing|green|person|pga|putt|range|tee
🏌️‍♂️	man golfing	People & Body	person-sport	ball|birdie|caddy|driving|golf|golfing|green|man|pga|putt|range|tee
🏌️‍♀️	woman golfing	People & Body	person-sport	ball|birdie|caddy|driving|golf|golfing|green|pga|putt|range|tee|woman
🏄	person surfing	People & Body	person-sport	beach|ocean|person|sport|surf|surfer|surfing|swell|waves
🏄‍♂️	man surfing	People & Body	person-sport	beach|man|ocean|sport|surf|surfer|surfing|swell|waves
🏄‍♀️	woman surfing	People & Body	person-sport	beach|ocean|person|sport|surf|surfer|surfing|swell|waves
🚣	person rowing boat	People & Body	person-sport	boat|canoe|cruise|fishing|lake|oar|paddle|person|raft|river|row|rowboat|rowing
🚣‍♂️	man rowing boat	People & Body	person-sport	boat|canoe|cruise|fishing|lake|man|oar|paddle|raft|river|row|rowboat|rowing
🚣‍♀️	woman rowing boat	People & Body	person-sport	boat|canoe|cruise|fishing|lake|oar|paddle|raft|river|row|rowboat|rowing|woman
🏊	person swimming	People & Body	person-sport	freestyle|person|sport|swim|swimmer|swimming|triathlon
🏊‍♂️	man swimming	People & Body	person-sport	freestyle|man|sport|swim|swimmer|swimming|triathlon
🏊‍♀️	woman swimming	People & Body	person-sport	freestyle|man|sport|swim|swimmer|swimming|triathlon
⛹️	person bouncing ball	People & Body	person-sport	athletic|ball|basketball|bouncing|championship|dribble|net|person|player|throw
⛹️‍♂️	man bouncing ball	People & Body	person-sport	athletic|ball|basketball|bouncing|championship|dribble|man|net|player|throw
⛹️‍♀️	woman bouncing ball	People & Body	person-sport	athletic|ball|basketball|bouncing|championship|dribble|net|player|throw|woman
🏋️	person lifting weights	People & Body	person-sport	barbell|bodybuilder|deadlift|lifter|lifting|person|powerlifting|weight|weightlifter|weights|workout
🏋️‍♂️	man lifting weights	People & Body	person-sport	barbell|bodybuilder|deadlift|lifter|lifting|man|powerlifting|weight|weightlifter|weights|workout
🏋️‍♀️	woman lifting weights	People & Body	person-sport	barbell|bodybuilder|deadlift|lifter|lifting|powerlifting|weight|weightlifter|weights|woman|workout
🚴	person biking	People & Body	person-sport	bicycle|bicyclist|bike|biking|cycle|cyclist|person|riding|sport
🚴‍♂️	man biking	People & Body	person-sport	bicycle|bicyclist|bike|biking|cycle|cyclist|man|riding|sport
🚴‍♀️	woman biking	People & Body	person-sport	bicycle|bicyclist|bike|biking|cycle|cyclist|riding|sport|woman
🚵	person mountain biking	People & Body	person-sport	bicycle|bicyclist|bike|biking|cycle|cyclist|mountain|person|riding|sport
🚵‍♂️	man mountain biking	People & Body	person-sport	bicycle|bicyclist|bike|biking|cycle|cyclist|man|mountain|riding|sport
🚵‍♀️	woman mountain biking	People & Body	person-sport	bicycle|bicyclist|bike|biking|cycle|cyclist|mountain|riding|sport|woman
🤸	person cartwheeling	People & Body	person-sport	active|cartwheel|cartwheeling|excited|flip|gymnastics|happy|person|somersault
🤸‍♂️	man cartwheeling	People & Body	person-sport	active|cartwheel|cartwheeling|excited|flip|gymnastics|happy|man|somersault
🤸‍♀️	woman cartwheeling	People & Body	person-sport	active|cartwheel|cartwheeling|excited|flip|gymnastics|happy|somersault|woman
🤼	people wrestling	People & Body	person-sport	combat|duel|grapple|people|ring|tournament|wrestle|wrestling
🤼‍♂️	men wrestling	People & Body	person-sport	combat|duel|grapple|men|ring|tournament|wrestle|wrestling
🤼‍♀️	women wrestling	People & Body	person-sport	combat|duel|grapple|ring|tournament|women|wrestle|wrestling
🤽	person playing water polo	People & Body	person-sport	person|playing|polo|sport|swimming|water|waterpolo
🤽‍♂️	man playing water polo	People & Body	person-sport	man|playing|polo|sport|swimming|water|waterpolo
🤽‍♀️	woman playing water polo	People & Body	person-sport	playing|polo|sport|swimming|water|waterpolo|woman
🤾	person playing handball	People & Body	person-sport	athletics|ball|catch|chuck|handball|hurl|lob|person|pitch|playing|sport|throw|toss
🤾‍♂️	man playing handball	People & Body	person-sport	athletics|ball|catch|chuck|handball|hurl|lob|man|pitch|playing|sport|throw|toss
🤾‍♀️	woman playing handball	People & Body	person-sport	athletics|ball|catch|chuck|handball|hurl|lob|pitch|playing|sport|throw|toss|woman
🤹	person juggling	People & Body	person-sport	act|balance|balancing|handle|juggle|juggling|manage|multitask|person|skill
🤹‍♂️	man juggling	People & Body	person-sport	act|balance|balancing|handle|juggle|juggling|man|manage|multitask|skill
🤹‍♀️	woman juggling	People & Body	person-sport	act|balance|balancing|handle|juggle|juggling|manage|multitask|skill|woman
🧘	person in lotus position	People & Body	person-resting	cross|legged|legs|lotus|meditation|peace|person|position|relax|serenity|yoga|yogi|zen
🧘‍♂️	man in lotus position	People & Body	person-resting	cross|legged|legs|lotus|man|meditation|peace|position|relax|serenity|yoga|yogi|zen
🧘‍♀️	woman in lotus position	People & Body	person-resting	cross|legged|legs|lotus|meditation|peace|position|relax|serenity|woman|yoga|yogi|zen
🛀	person taking bath	People & Body	person-resting	bath|bathtub|person|taking|tub
🛌	person in bed	People & Body	person-resting	bed|bedtime|good|goodnight|hotel|nap|night|person|sleep|tired|zzz
🧑‍🤝‍🧑	people holding hands	People & Body	family	bae|bestie|bff|couple|dating|flirt|friends|hand|hold|people|twins
👭	women holding hands	People & Body	family	bae|bestie|bff|couple|dating|flirt|friends|girls|hand|hold|sisters|twins|women
👫	woman and man holding hands	People & Body	family	bae|bestie|bff|couple|dating|flirt|friends|hand|hold|man|twins|woman
👬	men holding hands	People & Body	family	bae|bestie|bff|boys|brothers|couple|dating|flirt|friends|hand|hold|men|twins
💏	kiss	People & Body	family	anniversary|babe|bae|couple|date|dating|heart|love|mwah|person|romance|together|xoxo
👩‍❤️‍💋‍👨	kiss: woman, man	People & Body	family	anniversary|babe|bae|couple|date|dating|heart|kiss|love|man|mwah|person|romance|together|woman|xoxo
👨‍❤️‍💋‍👨	kiss: man, man	People & Body	family	anniversary|babe|bae|couple|date|dating|heart|kiss|love|man|mwah|person|romance|together|xoxo
👩‍❤️‍💋‍👩	kiss: woman, woman	People & Body	family	anniversary|babe|bae|couple|date|dating|heart|kiss|love|mwah|person|romance|together|woman|xoxo
💑	couple with heart	People & Body	family	anniversary|babe|bae|couple|dating|heart|kiss|love|person|relationship|romance|together|you
👩‍❤️‍👨	couple with heart: woman, man	People & Body	family	anniversary|babe|bae|couple|dating|heart|kiss|love|man|person|relationship|romance|together|woman|you
👨‍❤️‍👨	couple with heart: man, man	People & Body	family	anniversary|babe|bae|couple|dating|heart|kiss|love|man|person|relationship|romance|together|you
👩‍❤️‍👩	couple with heart: woman, woman	People & Body	family	anniversary|babe|bae|couple|dating|heart|kiss|love|person|relationship|romance|together|woman|you
👨‍👩‍👦	family: man, woman, boy	People & Body	family	boy|child|family|man|woman
👨‍👩‍👧	family: man, woman, girl	People & Body	family	child|family|girl|man|woman
👨‍👩‍👧‍👦	family: man, woman, girl, boy	People & Body	family	boy|child|family|girl|man|woman
👨‍👩‍👦‍👦	family: man, woman, boy, boy	People & Body	family	boy|child|family|man|woman
👨‍👩‍👧‍👧	family: man, woman, girl, girl	People & Body	family	child|family|girl|man|woman
👨‍👨‍👦	family: man, man, boy	People & Body	family	boy|child|family|man
👨‍👨‍👧	family: man, man, girl	People & Body	family	child|family|girl|man
👨‍👨‍👧‍👦	family: man, man, girl, boy	People & Body	family	boy|child|family|girl|man
👨‍👨‍👦‍👦	family: man, man, boy, boy	People & Body	family	boy|child|family|man
👨‍👨‍👧‍👧	family: man, man, girl, girl	People & Body	family	child|family|girl|man
👩‍👩‍👦	family: woman, woman, boy	People & Body	family	boy|child|family|woman
👩‍👩‍👧	family: woman, woman, girl	People & Body	family	child|family|girl|woman
👩‍👩‍👧‍👦	family: woman, woman, girl, boy	People & Body	family	boy|child|family|girl|woman
👩‍👩‍👦‍👦	family: woman, woman, boy, boy	People & Body	family	boy|child|family|woman
👩‍👩‍👧‍👧	family: woman, woman, girl, girl	People & Body	family	child|family|girl|woman
👨‍👦	family: man, boy	People & Body	family	boy|child|family|man
👨‍👦‍👦	family: man, boy, boy	People & Body	family	boy|child|family|man
👨‍👧	family: man, girl	People & Body	family	child|family|girl|man
👨‍👧‍👦	family: man, girl, boy	People & Body	family	boy|child|family|girl|man
👨‍👧‍👧	family: man, girl, girl	People & Body	family	child|family|girl|man
👩‍👦	family: woman, boy	People & Body	family	boy|child|family|woman
👩‍👦‍👦	family: woman, boy, boy	People & Body	family	boy|child|family|woman
👩‍👧	family: woman, girl	People & Body	family	child|family|girl|woman
👩‍👧‍👦	family: woman, girl, boy	People & Body	family	boy|child|family|girl|woman
👩‍👧‍👧	family: woman, girl, girl	People & Body	family	child|family|girl|woman
🗣️	speaking head	People & Body	person-symbol	face|head|silhouette|speak|speaking
👤	bust in silhouette	People & Body	person-symbol	bust|mysterious|shadow|silhouette
👥	busts in silhouette	People & Body	person-symbol	bff|bust|busts|everyone|friend|friends|people|silhouette
🫂	people hugging	People & Body	person-symbol	comfort|embrace|farewell|friendship|goodbye|hello|hug|hugging|love|people|thanks
👪	family	People & Body	person-symbol	child
🧑‍🧑‍🧒	family: adult, adult, child	People & Body	person-symbol	adult|child|family
🧑‍🧑‍🧒‍🧒	family: adult, adult, child, child	People & Body	person-symbol	adult|child|family
🧑‍🧒	family: adult, child	People & Body	person-symbol	adult|child|family
🧑‍🧒‍🧒	family: adult, child, child	People & Body	person-symbol	adult|child|family
👣	footprints	People & Body	person-symbol	barefoot|clothing|footprint|omw|print|walk
🫆	fingerprint	People & Body	person-symbol	clue|crime|detective|forensics|identity|mystery|print|safety|trace
🐵	monkey face	Animals & Nature	animal-mammal	animal|banana|face|monkey
🐒	monkey	Animals & Nature	animal-mammal	animal|banana
🦍	gorilla	Animals & Nature	animal-mammal	animal
🦧	orangutan	Animals & Nature	animal-mammal	animal|ape|monkey
🐶	dog face	Animals & Nature	animal-mammal	adorbs|animal|dog|face|pet|puppies|puppy
🐕	dog	Animals & Nature	animal-mammal	animal|animals|dogs|pet
🦮	guide dog	Animals & Nature	animal-mammal	accessibility|animal|blind|dog|guide
🐕‍🦺	service dog	Animals & Nature	animal-mammal	accessibility|animal|assistance|dog|service
🐩	poodle	Animals & Nature	animal-mammal	animal|dog|fluffy
🐺	wolf	Animals & Nature	animal-mammal	animal|face
🦊	fox	Animals & Nature	animal-mammal	animal|face
🦝	raccoon	Animals & Nature	animal-mammal	animal|curious|sly
🐱	cat face	Animals & Nature	animal-mammal	animal|cat|face|kitten|kitty|pet
🐈	cat	Animals & Nature	animal-mammal	animal|animals|cats|kitten|pet
🐈‍⬛	black cat	Animals & Nature	animal-mammal	animal|black|cat|feline|halloween|meow|unlucky
🦁	lion	Animals & Nature	animal-mammal	alpha|animal|face|Leo|mane|order|rawr|roar|safari|strong|zodiac
🐯	tiger face	Animals & Nature	animal-mammal	animal|big|cat|face|predator|tiger
🐅	tiger	Animals & Nature	animal-mammal	animal|big|cat|predator|zoo
🐆	leopard	Animals & Nature	animal-mammal	animal|big|cat|predator|zoo
🐴	horse face	Animals & Nature	animal-mammal	animal|dressage|equine|face|farm|horse|horses
🫎	moose	Animals & Nature	animal-mammal	alces|animal|antlers|elk|mammal
🫏	donkey	Animals & Nature	animal-mammal	animal|ass|burro|hinny|mammal|mule|stubborn
🐎	horse	Animals & Nature	animal-mammal	animal|equestrian|farm|racehorse|racing
🦄	unicorn	Animals & Nature	animal-mammal	face
🦓	zebra	Animals & Nature	animal-mammal	animal|stripe
🦌	deer	Animals & Nature	animal-mammal	animal
🦬	bison	Animals & Nature	animal-mammal	animal|buffalo|herd|wisent
🐮	cow face	Animals & Nature	animal-mammal	animal|cow|face|farm|milk|moo
🐂	ox	Animals & Nature	animal-mammal	animal|animals|bull|farm|Taurus|zodiac
🐃	water buffalo	Animals & Nature	animal-mammal	animal|buffalo|water|zoo
🐄	cow	Animals & Nature	animal-mammal	animal|animals|farm|milk|moo
🐷	pig face	Animals & Nature	animal-mammal	animal|bacon|face|farm|pig|pork
🐖	pig	Animals & Nature	animal-mammal	animal|bacon|farm|pork|sow
🐗	boar	Animals & Nature	animal-mammal	animal|pig
🐽	pig nose	Animals & Nature	animal-mammal	animal|face|farm|nose|pig|smell|snout
🐏	ram	Animals & Nature	animal-mammal	animal|Aries|horns|male|sheep|zodiac|zoo
🐑	ewe	Animals & Nature	animal-mammal	animal|baa|farm|female|fluffy|lamb|sheep|wool
🐐	goat	Animals & Nature	animal-mammal	animal|Capricorn|farm|milk|zodiac
🐪	camel	Animals & Nature	animal-mammal	animal|desert|dromedary|hump|one
🐫	two-hump camel	Animals & Nature	animal-mammal	animal|bactrian|camel|desert|hump|two|two-hump
🦙	llama	Animals & Nature	animal-mammal	alpaca|animal|guanaco|vicuña|wool
🦒	giraffe	Animals & Nature	animal-mammal	animal|spots
🐘	elephant	Animals & Nature	animal-mammal	animal
🦣	mammoth	Animals & Nature	animal-mammal	animal|extinction|large|tusk|wooly
🦏	rhinoceros	Animals & Nature	animal-mammal	animal
🦛	hippopotamus	Animals & Nature	animal-mammal	animal|hippo
🐭	mouse face	Animals & Nature	animal-mammal	animal|face|mouse
🐁	mouse	Animals & Nature	animal-mammal	animal|animals
🐀	rat	Animals & Nature	animal-mammal	animal
🐹	hamster	Animals & Nature	animal-mammal	animal|face|pet
🐰	rabbit face	Animals & Nature	animal-mammal	animal|bunny|face|pet|rabbit
🐇	rabbit	Animals & Nature	animal-mammal	animal|bunny|pet
🐿️	chipmunk	Animals & Nature	animal-mammal	animal|squirrel
🦫	beaver	Animals & Nature	animal-mammal	animal|dam|teeth
🦔	hedgehog	Animals & Nature	animal-mammal	animal|spiny
🦇	bat	Animals & Nature	animal-mammal	animal|vampire
🐻	bear	Animals & Nature	animal-mammal	animal|face|grizzly|growl|honey
🐻‍❄️	polar bear	Animals & Nature	animal-mammal	animal|arctic|bear|polar|white
🐨	koala	Animals & Nature	animal-mammal	animal|australia|bear|down|face|marsupial|under
🐼	panda	Animals & Nature	animal-mammal	animal|bamboo|face
🦥	sloth	Animals & Nature	animal-mammal	lazy|slow
🦦	otter	Animals & Nature	animal-mammal	animal|fishing|playful
🦨	skunk	Animals & Nature	animal-mammal	animal|stink
🦘	kangaroo	Animals & Nature	animal-mammal	animal|joey|jump|marsupial
🦡	badger	Animals & Nature	animal-mammal	animal|honey|pester
🐾	paw prints	Animals & Nature	animal-mammal	feet|paw|paws|print|prints
🦃	turkey	Animals & Nature	animal-bird	bird|gobble|thanksgiving
🐔	chicken	Animals & Nature	animal-bird	animal|bird|ornithology
🐓	rooster	Animals & Nature	animal-bird	animal|bird|ornithology
🐣	hatching chick	Animals & Nature	animal-bird	animal|baby|bird|chick|egg|hatching
🐤	baby chick	Animals & Nature	animal-bird	animal|baby|bird|chick|ornithology
🐥	front-facing baby chick	Animals & Nature	animal-bird	animal|baby|bird|chick|front-facing|newborn|ornithology
🐦	bird	Animals & Nature	animal-bird	animal|ornithology
🐧	penguin	Animals & Nature	animal-bird	animal|antarctica|bird|ornithology
🕊️	dove	Animals & Nature	animal-bird	bird|fly|ornithology|peace
🦅	eagle	Animals & Nature	animal-bird	animal|bird|ornithology
🦆	duck	Animals & Nature	animal-bird	animal|bird|ornithology
🦢	swan	Animals & Nature	animal-bird	animal|bird|cygnet|duckling|ornithology|ugly
🦉	owl	Animals & Nature	animal-bird	animal|bird|ornithology|wise
🦤	dodo	Animals & Nature	animal-bird	animal|bird|extinction|large|ornithology
🪶	feather	Animals & Nature	animal-bird	bird|flight|light|plumage
🦩	flamingo	Animals & Nature	animal-bird	animal|bird|flamboyant|ornithology|tropical
🦚	peacock	Animals & Nature	animal-bird	animal|bird|colorful|ornithology|ostentatious|peahen|pretty|proud
🦜	parrot	Animals & Nature	animal-bird	animal|bird|ornithology|pirate|talk
🪽	wing	Animals & Nature	animal-bird	angelic|ascend|aviation|bird|fly|flying|heavenly|mythology|soar
🐦‍⬛	black bird	Animals & Nature	animal-bird	animal|beak|bird|black|caw|corvid|crow|ornithology|raven|rook
🪿	goose	Animals & Nature	animal-bird	animal|bird|duck|flock|fowl|gaggle|gander|geese|honk|ornithology|silly
🐦‍🔥	phoenix	Animals & Nature	animal-bird	ascend|ascension|emerge|fantasy|firebird|glory|immortal|rebirth|reincarnation|reinvent|renewal|revival|revive|rise|transform
🐸	frog	Animals & Nature	animal-amphibian	animal|face
🐊	crocodile	Animals & Nature	animal-reptile	animal|zoo
🐢	turtle	Animals & Nature	animal-reptile	animal|terrapin|tortoise
🦎	lizard	Animals & Nature	animal-reptile	animal|reptile
🐍	snake	Animals & Nature	animal-reptile	animal|bearer|Ophiuchus|serpent|zodiac
🐲	dragon face	Animals & Nature	animal-reptile	animal|dragon|face|fairy|fairytale|tale
🐉	dragon	Animals & Nature	animal-reptile	animal|fairy|fairytale|knights|tale
🦕	sauropod	Animals & Nature	animal-reptile	brachiosaurus|brontosaurus|dinosaur|diplodocus
🦖	T-Rex	Animals & Nature	animal-reptile	dinosaur|Rex|T|Tyrannosaurus
🐳	spouting whale	Animals & Nature	animal-marine	animal|beach|face|ocean|spouting|whale
🐋	whale	Animals & Nature	animal-marine	animal|beach|ocean
🐬	dolphin	Animals & Nature	animal-marine	animal|beach|flipper|ocean
🫍	orca	Animals & Nature	animal-marine	marine|ocean|whale
🦭	seal	Animals & Nature	animal-marine	animal|lion|ocean|sea
🐟	fish	Animals & Nature	animal-marine	animal|dinner|fishes|fishing|Pisces|zodiac
🐠	tropical fish	Animals & Nature	animal-marine	animal|fish|fishes|tropical
🐡	blowfish	Animals & Nature	animal-marine	animal|fish
🦈	shark	Animals & Nature	animal-marine	animal|fish
🐙	octopus	Animals & Nature	animal-marine	animal|creature|ocean
🐚	spiral shell	Animals & Nature	animal-marine	animal|beach|conch|sea|shell|spiral
🪸	coral	Animals & Nature	animal-marine	change|climate|ocean|reef|sea
🪼	jellyfish	Animals & Nature	animal-marine	animal|aquarium|burn|invertebrate|jelly|life|marine|ocean|ouch|plankton|sea|sting|stinger|tentacles
🦀	crab	Animals & Nature	animal-marine	Cancer|zodiac
🦞	lobster	Animals & Nature	animal-marine	animal|bisque|claws|seafood
🦐	shrimp	Animals & Nature	animal-marine	food|shellfish|small
🦑	squid	Animals & Nature	animal-marine	animal|food|mollusk
🦪	oyster	Animals & Nature	animal-marine	diving|pearl
🐌	snail	Animals & Nature	animal-bug	animal|escargot|garden|nature|slug
🦋	butterfly	Animals & Nature	animal-bug	insect|pretty
🫌	monarch butterfly	Animals & Nature	animal-bug	
🐛	bug	Animals & Nature	animal-bug	animal|garden|insect
🐜	ant	Animals & Nature	animal-bug	animal|garden|insect
🐝	honeybee	Animals & Nature	animal-bug	animal|bee|bumblebee|honey|insect|nature|spring
🪲	beetle	Animals & Nature	animal-bug	animal|bug|insect
🐞	lady beetle	Animals & Nature	animal-bug	animal|beetle|garden|insect|lady|ladybird|ladybug|nature
🦗	cricket	Animals & Nature	animal-bug	animal|bug|grasshopper|insect|Orthoptera
🪳	cockroach	Animals & Nature	animal-bug	animal|insect|pest|roach
🕷️	spider	Animals & Nature	animal-bug	animal|insect
🕸️	spider web	Animals & Nature	animal-bug	spider|web
🦂	scorpion	Animals & Nature	animal-bug	Scorpio|Scorpius|zodiac
🦟	mosquito	Animals & Nature	animal-bug	bite|disease|fever|insect|malaria|pest|virus
🪰	fly	Animals & Nature	animal-bug	animal|disease|insect|maggot|pest|rotting
🪱	worm	Animals & Nature	animal-bug	animal|annelid|earthworm|parasite
🦠	microbe	Animals & Nature	animal-bug	amoeba|bacteria|science|virus
💐	bouquet	Animals & Nature	plant-flower	anniversary|birthday|date|flower|love|plant|romance
🌸	cherry blossom	Animals & Nature	plant-flower	blossom|cherry|flower|plant|spring|springtime
💮	white flower	Animals & Nature	plant-flower	flower|white
🪷	lotus	Animals & Nature	plant-flower	beauty|Buddhism|calm|flower|Hinduism|peace|purity|serenity
🏵️	rosette	Animals & Nature	plant-flower	plant
🌹	rose	Animals & Nature	plant-flower	beauty|elegant|flower|love|plant|red|valentine
🥀	wilted flower	Animals & Nature	plant-flower	dying|flower|wilted
🌺	hibiscus	Animals & Nature	plant-flower	flower|plant
🌻	sunflower	Animals & Nature	plant-flower	flower|outdoors|plant|sun
🌼	blossom	Animals & Nature	plant-flower	buttercup|dandelion|flower|plant
🌷	tulip	Animals & Nature	plant-flower	blossom|flower|growth|plant
🪻	hyacinth	Animals & Nature	plant-flower	bloom|bluebonnet|flower|indigo|lavender|lilac|lupine|plant|purple|shrub|snapdragon|spring|violet
🌱	seedling	Animals & Nature	plant-other	plant|sapling|sprout|young
🪴	potted plant	Animals & Nature	plant-other	decor|grow|house|nurturing|plant|pot|potted
🌲	evergreen tree	Animals & Nature	plant-other	christmas|evergreen|forest|pine|tree
🌳	deciduous tree	Animals & Nature	plant-other	deciduous|forest|green|habitat|shedding|tree
🌴	palm tree	Animals & Nature	plant-other	beach|palm|plant|tree|tropical
🌵	cactus	Animals & Nature	plant-other	desert|drought|nature|plant
🌾	sheaf of rice	Animals & Nature	plant-other	ear|grain|grains|plant|rice|sheaf
🌿	herb	Animals & Nature	plant-other	leaf|plant
☘️	shamrock	Animals & Nature	plant-other	irish|plant
🍀	four leaf clover	Animals & Nature	plant-other	4|clover|four|four-leaf|irish|leaf|lucky|plant
🍁	maple leaf	Animals & Nature	plant-other	falling|leaf|maple
🍂	fallen leaf	Animals & Nature	plant-other	autumn|fall|fallen|falling|leaf
🍃	leaf fluttering in wind	Animals & Nature	plant-other	blow|flutter|fluttering|leaf|wind
🪹	empty nest	Animals & Nature	plant-other	branch|empty|home|nest|nesting
🪺	nest with eggs	Animals & Nature	plant-other	bird|branch|egg|eggs|nest|nesting
🍄	mushroom	Animals & Nature	plant-other	fungus|toadstool
🪾	leafless tree	Animals & Nature	plant-other	bare|barren|branches|dead|drought|leafless|tree|trunk|winter|wood
🍇	grapes	Food & Drink	food-fruit	Dionysus|fruit|grape
🍈	melon	Food & Drink	food-fruit	cantaloupe|fruit
🍉	watermelon	Food & Drink	food-fruit	fruit
🍊	tangerine	Food & Drink	food-fruit	c|citrus|fruit|nectarine|orange|vitamin
🍋	lemon	Food & Drink	food-fruit	citrus|fruit|sour
🍋‍🟩	lime	Food & Drink	food-fruit	acidity|citrus|cocktail|fruit|garnish|key|margarita|mojito|refreshing|salsa|sour|tangy|tequila|tropical|zest
🍌	banana	Food & Drink	food-fruit	fruit|potassium
🍍	pineapple	Food & Drink	food-fruit	colada|fruit|pina|tropical
🥭	mango	Food & Drink	food-fruit	food|fruit|tropical
🍎	red apple	Food & Drink	food-fruit	apple|diet|food|fruit|health|red|ripe
🍏	green apple	Food & Drink	food-fruit	apple|fruit|green
🍐	pear	Food & Drink	food-fruit	fruit
🍑	peach	Food & Drink	food-fruit	fruit
🍒	cherries	Food & Drink	food-fruit	berries|cherry|fruit|red
🍓	strawberry	Food & Drink	food-fruit	berry|fruit
🫐	blueberries	Food & Drink	food-fruit	berries|berry|bilberry|blue|blueberry|food|fruit
🥝	kiwi fruit	Food & Drink	food-fruit	food|fruit|kiwi
🍅	tomato	Food & Drink	food-fruit	food|fruit|vegetable
🫒	olive	Food & Drink	food-fruit	food
🥥	coconut	Food & Drink	food-fruit	colada|palm|piña
🥑	avocado	Food & Drink	food-vegetable	food|fruit
🍆	eggplant	Food & Drink	food-vegetable	aubergine|vegetable
🥔	potato	Food & Drink	food-vegetable	food|vegetable
🥕	carrot	Food & Drink	food-vegetable	food|vegetable
🌽	ear of corn	Food & Drink	food-vegetable	corn|crops|ear|farm|maize|maze
🌶️	hot pepper	Food & Drink	food-vegetable	hot|pepper
🫑	bell pepper	Food & Drink	food-vegetable	bell|capsicum|food|pepper|vegetable
🥒	cucumber	Food & Drink	food-vegetable	food|pickle|vegetable
🫝	pickle	Food & Drink	food-vegetable	
🥬	leafy green	Food & Drink	food-vegetable	bok|burgers|cabbage|choy|green|kale|leafy|lettuce|salad
🥦	broccoli	Food & Drink	food-vegetable	cabbage|wild
🧄	garlic	Food & Drink	food-vegetable	flavoring
🧅	onion	Food & Drink	food-vegetable	flavoring
🥜	peanuts	Food & Drink	food-vegetable	food|nut|peanut|vegetable
🫘	beans	Food & Drink	food-vegetable	food|kidney|legume|small
🌰	chestnut	Food & Drink	food-vegetable	almond|plant
🫚	ginger root	Food & Drink	food-vegetable	beer|ginger|health|herb|natural|root|spice
🫛	pea pod	Food & Drink	food-vegetable	beans|beanstalk|edamame|legume|pea|pod|soybean|vegetable|veggie
🍄‍🟫	brown mushroom	Food & Drink	food-vegetable	food|fungi|fungus|mushroom|nature|pizza|portobello|shiitake|shroom|spore|sprout|toppings|truffle|vegetable|vegetarian|veggie
🫜	root vegetable	Food & Drink	food-vegetable	beet|food|garden|radish|root|salad|turnip|vegetable|vegetarian
🍞	bread	Food & Drink	food-prepared	carbs|food|grain|loaf|restaurant|toast|wheat
🥐	croissant	Food & Drink	food-prepared	bread|breakfast|crescent|food|french|roll
🥖	baguette bread	Food & Drink	food-prepared	baguette|bread|food|french
🫓	flatbread	Food & Drink	food-prepared	arepa|bread|food|gordita|lavash|naan|pita
🥨	pretzel	Food & Drink	food-prepared	convoluted|twisted
🥯	bagel	Food & Drink	food-prepared	bakery|bread|breakfast|schmear
🥞	pancakes	Food & Drink	food-prepared	breakfast|crêpe|food|hotcake|pancake
🧇	waffle	Food & Drink	food-prepared	breakfast|indecisive|iron
🧀	cheese wedge	Food & Drink	food-prepared	cheese|wedge
🍖	meat on bone	Food & Drink	food-prepared	bone|meat
🍗	poultry leg	Food & Drink	food-prepared	bone|chicken|drumstick|hungry|leg|poultry|turkey
🥩	cut of meat	Food & Drink	food-prepared	chop|cut|lambchop|meat|porkchop|red|steak
🥓	bacon	Food & Drink	food-prepared	breakfast|food|meat
🍔	hamburger	Food & Drink	food-prepared	burger|eat|fast|food|hungry
🍟	french fries	Food & Drink	food-prepared	fast|food|french|fries
🍕	pizza	Food & Drink	food-prepared	cheese|food|hungry|pepperoni|slice
🌭	hot dog	Food & Drink	food-prepared	dog|frankfurter|hot|hotdog|sausage
🥪	sandwich	Food & Drink	food-prepared	bread
🌮	taco	Food & Drink	food-prepared	mexican
🌯	burrito	Food & Drink	food-prepared	mexican|wrap
🫔	tamale	Food & Drink	food-prepared	food|mexican|pamonha|wrapped
🥙	stuffed flatbread	Food & Drink	food-prepared	falafel|flatbread|food|gyro|kebab|stuffed
🧆	falafel	Food & Drink	food-prepared	chickpea|meatball
🥚	egg	Food & Drink	food-prepared	breakfast|food
🍳	cooking	Food & Drink	food-prepared	breakfast|easy|egg|fry|frying|over|pan|restaurant|side|sunny|up
🥘	shallow pan of food	Food & Drink	food-prepared	casserole|food|paella|pan|shallow
🍲	pot of food	Food & Drink	food-prepared	food|pot|soup|stew
🫕	fondue	Food & Drink	food-prepared	cheese|chocolate|food|melted|pot|ski
🥣	bowl with spoon	Food & Drink	food-prepared	bowl|breakfast|cereal|congee|oatmeal|porridge|spoon
🥗	green salad	Food & Drink	food-prepared	food|green|salad
🍿	popcorn	Food & Drink	food-prepared	corn|movie|pop
🧈	butter	Food & Drink	food-prepared	dairy
🧂	salt	Food & Drink	food-prepared	condiment|flavor|mad|salty|shaker|taste|upset
🥫	canned food	Food & Drink	food-prepared	can|canned|food
🍱	bento box	Food & Drink	food-asian	bento|box|food
🍘	rice cracker	Food & Drink	food-asian	cracker|food|rice
🍙	rice ball	Food & Drink	food-asian	ball|food|Japanese|rice
🍚	cooked rice	Food & Drink	food-asian	cooked|food|rice
🍛	curry rice	Food & Drink	food-asian	curry|food|rice
🍜	steaming bowl	Food & Drink	food-asian	bowl|chopsticks|food|noodle|pho|ramen|soup|steaming
🍝	spaghetti	Food & Drink	food-asian	food|meatballs|pasta|restaurant
🍠	roasted sweet potato	Food & Drink	food-asian	food|potato|roasted|sweet
🍢	oden	Food & Drink	food-asian	food|kebab|restaurant|seafood|skewer|stick
🍣	sushi	Food & Drink	food-asian	food
🍤	fried shrimp	Food & Drink	food-asian	fried|prawn|shrimp|tempura
🍥	fish cake with swirl	Food & Drink	food-asian	cake|fish|food|pastry|restaurant|swirl
🥮	moon cake	Food & Drink	food-asian	autumn|cake|festival|moon|yuèbǐng
🍡	dango	Food & Drink	food-asian	dessert|Japanese|skewer|stick|sweet
🥟	dumpling	Food & Drink	food-asian	empanada|gyōza|jiaozi|pierogi|potsticker
🥠	fortune cookie	Food & Drink	food-asian	cookie|fortune|prophecy
🥡	takeout box	Food & Drink	food-asian	box|chopsticks|delivery|food|oyster|pail|takeout
🍦	soft ice cream	Food & Drink	food-sweet	cream|dessert|food|ice|icecream|restaurant|serve|soft|sweet
🍧	shaved ice	Food & Drink	food-sweet	dessert|ice|restaurant|shaved|sweet
🍨	ice cream	Food & Drink	food-sweet	cream|dessert|food|ice|restaurant|sweet
🍩	doughnut	Food & Drink	food-sweet	breakfast|dessert|donut|food|sweet
🍪	cookie	Food & Drink	food-sweet	chip|chocolate|dessert|sweet
🎂	birthday cake	Food & Drink	food-sweet	bday|birthday|cake|celebration|dessert|happy|pastry|sweet
🍰	shortcake	Food & Drink	food-sweet	cake|dessert|pastry|slice|sweet
🧁	cupcake	Food & Drink	food-sweet	bakery|dessert|sprinkles|sugar|sweet|treat
🥧	pie	Food & Drink	food-sweet	apple|filling|fruit|meat|pastry|pumpkin|slice
🍫	chocolate bar	Food & Drink	food-sweet	bar|candy|chocolate|dessert|halloween|sweet|tooth
🍬	candy	Food & Drink	food-sweet	cavities|dessert|halloween|restaurant|sweet|tooth|wrapper
🍭	lollipop	Food & Drink	food-sweet	candy|dessert|food|restaurant|sweet
🍮	custard	Food & Drink	food-sweet	dessert|pudding|sweet
🍯	honey pot	Food & Drink	food-sweet	barrel|bear|food|honey|honeypot|jar|pot|sweet
🍼	baby bottle	Food & Drink	drink	babies|baby|birth|born|bottle|drink|infant|milk|newborn
🥛	glass of milk	Food & Drink	drink	drink|glass|milk
☕	hot beverage	Food & Drink	drink	beverage|cafe|caffeine|chai|coffee|drink|hot|morning|steaming|tea
🫖	teapot	Food & Drink	drink	brew|drink|food|pot|tea
🍵	teacup without handle	Food & Drink	drink	beverage|cup|drink|handle|oolong|tea|teacup
🍶	sake	Food & Drink	drink	bar|beverage|bottle|cup|drink|restaurant
🍾	bottle with popping cork	Food & Drink	drink	bar|bottle|cork|drink|popping
🍷	wine glass	Food & Drink	drink	alcohol|bar|beverage|booze|club|drink|drinking|drinks|glass|restaurant|wine
🍸	cocktail glass	Food & Drink	drink	alcohol|bar|booze|club|cocktail|drink|drinking|drinks|glass|mad|martini|men
🍹	tropical drink	Food & Drink	drink	alcohol|bar|booze|club|cocktail|drink|drinking|drinks|drunk|mai|party|tai|tropical|tropics
🍺	beer mug	Food & Drink	drink	alcohol|ale|bar|beer|booze|drink|drinking|drinks|mug|octoberfest|oktoberfest|pint|stein|summer
🍻	clinking beer mugs	Food & Drink	drink	alcohol|bar|beer|booze|bottoms|cheers|clink|clinking|drinking|drinks|mugs
🥂	clinking glasses	Food & Drink	drink	celebrate|clink|clinking|drink|glass|glasses
🥃	tumbler glass	Food & Drink	drink	glass|liquor|scotch|shot|tumbler|whiskey|whisky
🫗	pouring liquid	Food & Drink	drink	accident|drink|empty|glass|liquid|oops|pour|pouring|spill|water
🥤	cup with straw	Food & Drink	drink	cup|drink|juice|malt|soda|soft|straw|water
🧋	bubble tea	Food & Drink	drink	boba|bubble|food|milk|pearl|tea
🧃	beverage box	Food & Drink	drink	beverage|box|juice|straw|sweet
🧉	mate	Food & Drink	drink	drink
🧊	ice	Food & Drink	drink	cold|cube|iceberg
🥢	chopsticks	Food & Drink	dishware	hashi|jeotgarak|kuaizi
🍽️	fork and knife with plate	Food & Drink	dishware	cooking|dinner|eat|fork|knife|plate
🍴	fork and knife	Food & Drink	dishware	breakfast|breaky|cooking|cutlery|delicious|dinner|eat|feed|food|fork|hungry|knife|lunch|restaurant|yum|yummy
🥄	spoon	Food & Drink	dishware	eat|tableware
🔪	kitchen knife	Food & Drink	dishware	chef|cooking|hocho|kitchen|knife|tool|weapon
🫙	jar	Food & Drink	dishware	condiment|container|empty|nothing|sauce|store
🏺	amphora	Food & Drink	dishware	Aquarius|cooking|drink|jug|tool|weapon|zodiac
🌍	globe showing Europe-Africa	Travel & Places	place-map	Africa|earth|Europe|Europe-Africa|globe|showing|world
🌎	globe showing Americas	Travel & Places	place-map	Americas|earth|globe|showing|world
🌏	globe showing Asia-Australia	Travel & Places	place-map	Asia|Asia-Australia|Australia|earth|globe|showing|world
🌐	globe with meridians	Travel & Places	place-map	earth|globe|internet|meridians|web|world|worldwide
🗺️	world map	Travel & Places	place-map	map|world
🗾	map of Japan	Travel & Places	place-map	Japan|map
🧭	compass	Travel & Places	place-map	direction|magnetic|navigation|orienteering
🏔️	snow-capped mountain	Travel & Places	place-geographic	cold|mountain|snow|snow-capped
⛰️	mountain	Travel & Places	place-geographic	
🛘	landslide	Travel & Places	place-geographic	avalanche|danger|disaster|earthquake|mountain|mudslide|rocks
🌋	volcano	Travel & Places	place-geographic	eruption|mountain|nature
🗻	mount fuji	Travel & Places	place-geographic	fuji|mount|mountain|nature
🏕️	camping	Travel & Places	place-geographic	
🏖️	beach with umbrella	Travel & Places	place-geographic	beach|umbrella
🏜️	desert	Travel & Places	place-geographic	
🏝️	desert island	Travel & Places	place-geographic	desert|island
🏞️	national park	Travel & Places	place-geographic	national|park
🏟️	stadium	Travel & Places	place-building	
🏛️	classical building	Travel & Places	place-building	building|classical
🏗️	building construction	Travel & Places	place-building	building|construction|crane
🧱	brick	Travel & Places	place-building	bricks|clay|mortar|wall
🪨	rock	Travel & Places	place-building	boulder|heavy|solid|stone|tough
🪵	wood	Travel & Places	place-building	log|lumber|timber
🛖	hut	Travel & Places	place-building	home|house|roundhouse|shelter|yurt
🏘️	houses	Travel & Places	place-building	house
🏚️	derelict house	Travel & Places	place-building	derelict|home|house
🏠	house	Travel & Places	place-building	building|country|heart|home|ranch|settle|simple|suburban|suburbia|where
🏡	house with garden	Travel & Places	place-building	building|country|garden|heart|home|house|ranch|settle|simple|suburban|suburbia|where
🏢	office building	Travel & Places	place-building	building|city|cubical|job|office
🏣	Japanese post office	Travel & Places	place-building	building|Japanese|office|post
🏤	post office	Travel & Places	place-building	building|European|office|post
🏥	hospital	Travel & Places	place-building	building|doctor|medicine
🏦	bank	Travel & Places	place-building	building
🏨	hotel	Travel & Places	place-building	building
🏩	love hotel	Travel & Places	place-building	building|hotel|love
🏪	convenience store	Travel & Places	place-building	24|building|convenience|hours|store
🏫	school	Travel & Places	place-building	building
🏬	department store	Travel & Places	place-building	building|department|store
🏭	factory	Travel & Places	place-building	building
🏯	Japanese castle	Travel & Places	place-building	building|castle|Japanese
🏰	castle	Travel & Places	place-building	building|European
💒	wedding	Travel & Places	place-building	chapel|hitched|nuptials|romance
🗼	Tokyo tower	Travel & Places	place-building	Tokyo|tower
🗽	Statue of Liberty	Travel & Places	place-building	liberty|Liberty|new|ny|nyc|statue|Statue|york
⛪	church	Travel & Places	place-religious	bless|chapel|Christian|cross|religion
🕌	mosque	Travel & Places	place-religious	islam|masjid|Muslim|religion
🛕	hindu temple	Travel & Places	place-religious	hindu|temple
🕍	synagogue	Travel & Places	place-religious	Jew|Jewish|judaism|religion|temple
⛩️	shinto shrine	Travel & Places	place-religious	religion|shinto|shrine
🕋	kaaba	Travel & Places	place-religious	hajj|islam|Muslim|religion|umrah
⛲	fountain	Travel & Places	place-other	
⛺	tent	Travel & Places	place-other	camping
🌁	foggy	Travel & Places	place-other	fog
🌃	night with stars	Travel & Places	place-other	night|star|stars
🏙️	cityscape	Travel & Places	place-other	city
🌄	sunrise over mountains	Travel & Places	place-other	morning|mountains|over|sun|sunrise
🌅	sunrise	Travel & Places	place-other	morning|nature|sun
🌆	cityscape at dusk	Travel & Places	place-other	at|building|city|cityscape|dusk|evening|landscape|sun|sunset
🌇	sunset	Travel & Places	place-other	building|dusk|sun
🌉	bridge at night	Travel & Places	place-other	at|bridge|night
♨️	hot springs	Travel & Places	place-other	hot|hotsprings|springs|steaming
🎠	carousel horse	Travel & Places	place-other	carousel|entertainment|horse
🛝	playground slide	Travel & Places	place-other	amusement|park|play|playground|playing|slide|sliding|theme
🎡	ferris wheel	Travel & Places	place-other	amusement|ferris|park|theme|wheel
🎢	roller coaster	Travel & Places	place-other	amusement|coaster|park|roller|theme
💈	barber pole	Travel & Places	place-other	barber|cut|fresh|haircut|pole|shave
🎪	circus tent	Travel & Places	place-other	circus|tent
🚂	locomotive	Travel & Places	transport-ground	caboose|engine|railway|steam|train|trains|travel
🚃	railway car	Travel & Places	transport-ground	car|electric|railway|train|tram|travel|trolleybus
🚄	high-speed train	Travel & Places	transport-ground	high-speed|railway|shinkansen|speed|train
🚅	bullet train	Travel & Places	transport-ground	bullet|high-speed|nose|railway|shinkansen|speed|train|travel
🚆	train	Travel & Places	transport-ground	arrived|choo|railway
🚇	metro	Travel & Places	transport-ground	subway|travel
🚈	light rail	Travel & Places	transport-ground	arrived|light|monorail|rail|railway
🚉	station	Travel & Places	transport-ground	railway|train
🚊	tram	Travel & Places	transport-ground	trolleybus
🚝	monorail	Travel & Places	transport-ground	vehicle
🚞	mountain railway	Travel & Places	transport-ground	car|mountain|railway|trip
🚋	tram car	Travel & Places	transport-ground	bus|car|tram|trolley|trolleybus
🚌	bus	Travel & Places	transport-ground	school|vehicle
🚍	oncoming bus	Travel & Places	transport-ground	bus|cars|oncoming
🚎	trolleybus	Travel & Places	transport-ground	bus|tram|trolley
🚐	minibus	Travel & Places	transport-ground	bus|drive|van|vehicle
🚑	ambulance	Travel & Places	transport-ground	emergency|vehicle
🚒	fire engine	Travel & Places	transport-ground	engine|fire|truck
🚓	police car	Travel & Places	transport-ground	5–0|car|cops|patrol|police
🚔	oncoming police car	Travel & Places	transport-ground	car|oncoming|police
🚕	taxi	Travel & Places	transport-ground	cab|cabbie|car|drive|vehicle|yellow
🚖	oncoming taxi	Travel & Places	transport-ground	cab|cabbie|cars|drove|hail|oncoming|taxi|yellow
🚗	automobile	Travel & Places	transport-ground	car|driving|vehicle
🚘	oncoming automobile	Travel & Places	transport-ground	automobile|car|cars|drove|oncoming|vehicle
🚙	sport utility vehicle	Travel & Places	transport-ground	car|drive|recreational|sport|sportutility|utility|vehicle
🛻	pickup truck	Travel & Places	transport-ground	automobile|car|flatbed|pick-up|pickup|transportation|truck
🚚	delivery truck	Travel & Places	transport-ground	car|delivery|drive|truck|vehicle
🚛	articulated lorry	Travel & Places	transport-ground	articulated|car|drive|lorry|move|semi|truck|vehicle
🚜	tractor	Travel & Places	transport-ground	vehicle
🏎️	racing car	Travel & Places	transport-ground	car|racing|zoom
🏍️	motorcycle	Travel & Places	transport-ground	racing
🛵	motor scooter	Travel & Places	transport-ground	motor|scooter
🦽	manual wheelchair	Travel & Places	transport-ground	accessibility|manual|wheelchair
🦼	motorized wheelchair	Travel & Places	transport-ground	accessibility|motorized|wheelchair
🛺	auto rickshaw	Travel & Places	transport-ground	auto|rickshaw|tuk
🚲	bicycle	Travel & Places	transport-ground	bike|class|cycle|cycling|cyclist|gang|ride|spin|spinning
🛴	kick scooter	Travel & Places	transport-ground	kick|scooter
🛹	skateboard	Travel & Places	transport-ground	board|skate|skater|wheels
🛼	roller skate	Travel & Places	transport-ground	blades|roller|skate|skates|sport
🚏	bus stop	Travel & Places	transport-ground	bus|busstop|stop
🛣️	motorway	Travel & Places	transport-ground	highway|road
🛤️	railway track	Travel & Places	transport-ground	railway|track|train
🛢️	oil drum	Travel & Places	transport-ground	drum|oil
⛽	fuel pump	Travel & Places	transport-ground	diesel|fuel|fuelpump|gas|gasoline|pump|station
🛞	wheel	Travel & Places	transport-ground	car|circle|tire|turn|vehicle
🚨	police car light	Travel & Places	transport-ground	alarm|alert|beacon|car|emergency|light|police|revolving|siren
🚥	horizontal traffic light	Travel & Places	transport-ground	horizontal|intersection|light|signal|stop|stoplight|traffic
🚦	vertical traffic light	Travel & Places	transport-ground	drove|intersection|light|signal|stop|stoplight|traffic|vertical
🛑	stop sign	Travel & Places	transport-ground	octagonal|sign|stop
🚧	construction	Travel & Places	transport-ground	barrier
🛙	lighthouse	Travel & Places	transport-water	
⚓	anchor	Travel & Places	transport-water	ship|tool
🛟	ring buoy	Travel & Places	transport-water	buoy|float|life|lifesaver|preserver|rescue|ring|safety|save|saver|swim
⛵	sailboat	Travel & Places	transport-water	boat|resort|sailing|sea|yacht
🛶	canoe	Travel & Places	transport-water	boat
🚤	speedboat	Travel & Places	transport-water	billionaire|boat|lake|luxury|millionaire|summer|travel
🛳️	passenger ship	Travel & Places	transport-water	passenger|ship
⛴️	ferry	Travel & Places	transport-water	boat|passenger
🛥️	motor boat	Travel & Places	transport-water	boat|motor|motorboat
🚢	ship	Travel & Places	transport-water	boat|passenger|travel
✈️	airplane	Travel & Places	transport-air	aeroplane|fly|flying|jet|plane|travel
🛩️	small airplane	Travel & Places	transport-air	aeroplane|airplane|plane|small
🛫	airplane departure	Travel & Places	transport-air	aeroplane|airplane|check-in|departure|departures|plane
🛬	airplane arrival	Travel & Places	transport-air	aeroplane|airplane|arrival|arrivals|arriving|landing|plane
🪂	parachute	Travel & Places	transport-air	hang-glide|parasail|skydive
💺	seat	Travel & Places	transport-air	chair
🚁	helicopter	Travel & Places	transport-air	copter|roflcopter|travel|vehicle
🚟	suspension railway	Travel & Places	transport-air	railway|suspension
🚠	mountain cableway	Travel & Places	transport-air	cable|cableway|gondola|lift|mountain|ski
🚡	aerial tramway	Travel & Places	transport-air	aerial|cable|car|gondola|ropeway|tramway
🛰️	satellite	Travel & Places	transport-air	space
🚀	rocket	Travel & Places	transport-air	launch|rockets|space|travel
🛸	flying saucer	Travel & Places	transport-air	aliens|extra|flying|saucer|terrestrial|UFO
🛎️	bellhop bell	Travel & Places	hotel	bell|bellhop|hotel
🧳	luggage	Travel & Places	hotel	bag|packing|roller|suitcase|travel
⌛	hourglass done	Travel & Places	time	done|hourglass|sand|time|timer
⏳	hourglass not done	Travel & Places	time	done|flowing|hourglass|hours|not|sand|timer|waiting|yolo
⌚	watch	Travel & Places	time	clock|time
⏰	alarm clock	Travel & Places	time	alarm|clock|hours|hrs|late|time|waiting
⏱️	stopwatch	Travel & Places	time	clock|time
⏲️	timer clock	Travel & Places	time	clock|timer
🕰️	mantelpiece clock	Travel & Places	time	clock|mantelpiece|time
🕛	twelve o’clock	Travel & Places	time	12|12:00|clock|o’clock|time|twelve
🕧	twelve-thirty	Travel & Places	time	12|12:30|30|clock|thirty|time|twelve
🕐	one o’clock	Travel & Places	time	1|1:00|clock|o’clock|one|time
🕜	one-thirty	Travel & Places	time	1|1:30|30|clock|one|thirty|time
🕑	two o’clock	Travel & Places	time	2|2:00|clock|o’clock|time|two
🕝	two-thirty	Travel & Places	time	2|2:30|30|clock|thirty|time|two
🕒	three o’clock	Travel & Places	time	3|3:00|clock|o’clock|three|time
🕞	three-thirty	Travel & Places	time	3|3:30|30|clock|thirty|three|time
🕓	four o’clock	Travel & Places	time	4|4:00|clock|four|o’clock|time
🕟	four-thirty	Travel & Places	time	30|4|4:30|clock|four|thirty|time
🕔	five o’clock	Travel & Places	time	5|5:00|clock|five|o’clock|time
🕠	five-thirty	Travel & Places	time	30|5|5:30|clock|five|thirty|time
🕕	six o’clock	Travel & Places	time	6|6:00|clock|o’clock|six|time
🕡	six-thirty	Travel & Places	time	30|6|6:30|clock|six|thirty
🕖	seven o’clock	Travel & Places	time	0|7|7:00|clock|o’clock|seven
🕢	seven-thirty	Travel & Places	time	30|7|7:30|clock|seven|thirty
🕗	eight o’clock	Travel & Places	time	8|8:00|clock|eight|o’clock|time
🕣	eight-thirty	Travel & Places	time	30|8|8:30|clock|eight|thirty|time
🕘	nine o’clock	Travel & Places	time	9|9:00|clock|nine|o’clock|time
🕤	nine-thirty	Travel & Places	time	30|9|9:30|clock|nine|thirty|time
🕙	ten o’clock	Travel & Places	time	0|10|10:00|clock|o’clock|ten
🕥	ten-thirty	Travel & Places	time	10|10:30|30|clock|ten|thirty|time
🕚	eleven o’clock	Travel & Places	time	11|11:00|clock|eleven|o’clock|time
🕦	eleven-thirty	Travel & Places	time	11|11:30|30|clock|eleven|thirty|time
🌑	new moon	Travel & Places	sky & weather	dark|moon|new|space
🌒	waxing crescent moon	Travel & Places	sky & weather	crescent|dreams|moon|space|waxing
🌓	first quarter moon	Travel & Places	sky & weather	first|moon|quarter|space
🌔	waxing gibbous moon	Travel & Places	sky & weather	gibbous|moon|space|waxing
🌕	full moon	Travel & Places	sky & weather	full|moon|space
🌖	waning gibbous moon	Travel & Places	sky & weather	gibbous|moon|space|waning
🌗	last quarter moon	Travel & Places	sky & weather	last|moon|quarter|space
🌘	waning crescent moon	Travel & Places	sky & weather	crescent|moon|space|waning
🌙	crescent moon	Travel & Places	sky & weather	crescent|moon|ramadan|space
🌚	new moon face	Travel & Places	sky & weather	face|moon|new|space
🌛	first quarter moon face	Travel & Places	sky & weather	face|first|moon|quarter|space
🌜	last quarter moon face	Travel & Places	sky & weather	dreams|face|last|moon|quarter
🌡️	thermometer	Travel & Places	sky & weather	weather
☀️	sun	Travel & Places	sky & weather	bright|rays|space|sunny|weather
🌝	full moon face	Travel & Places	sky & weather	bright|face|full|moon
🌞	sun with face	Travel & Places	sky & weather	beach|bright|day|face|heat|shine|sun|sunny|sunshine|weather
🪐	ringed planet	Travel & Places	sky & weather	planet|ringed|saturn|saturnine
⭐	star	Travel & Places	sky & weather	astronomy|medium|stars|white
🌟	glowing star	Travel & Places	sky & weather	glittery|glow|glowing|night|shining|sparkle|star|win
🌠	shooting star	Travel & Places	sky & weather	falling|night|shooting|space|star
🌌	milky way	Travel & Places	sky & weather	milky|space|way
☁️	cloud	Travel & Places	sky & weather	weather
⛅	sun behind cloud	Travel & Places	sky & weather	behind|cloud|cloudy|sun|weather
⛈️	cloud with lightning and rain	Travel & Places	sky & weather	cloud|lightning|rain|thunder|thunderstorm
🌤️	sun behind small cloud	Travel & Places	sky & weather	behind|cloud|sun|weather
🌥️	sun behind large cloud	Travel & Places	sky & weather	behind|cloud|sun|weather
🌦️	sun behind rain cloud	Travel & Places	sky & weather	behind|cloud|rain|sun|weather
🌧️	cloud with rain	Travel & Places	sky & weather	cloud|rain|weather
🌨️	cloud with snow	Travel & Places	sky & weather	cloud|cold|snow|weather
🌩️	cloud with lightning	Travel & Places	sky & weather	cloud|lightning|weather
🌪️	tornado	Travel & Places	sky & weather	cloud|weather|whirlwind
🌫️	fog	Travel & Places	sky & weather	cloud|weather
🌬️	wind face	Travel & Places	sky & weather	blow|cloud|face|wind
🌀	cyclone	Travel & Places	sky & weather	dizzy|hurricane|twister|typhoon|weather
🌈	rainbow	Travel & Places	sky & weather	gay|genderqueer|glbt|glbtq|lesbian|lgbt|lgbtq|lgbtqia|nature|pride|queer|rain|trans|transgender|weather
🌂	closed umbrella	Travel & Places	sky & weather	closed|clothing|rain|umbrella
☂️	umbrella	Travel & Places	sky & weather	clothing|rain
☔	umbrella with rain drops	Travel & Places	sky & weather	clothing|drop|drops|rain|umbrella|weather
⛱️	umbrella on ground	Travel & Places	sky & weather	ground|rain|sun|umbrella
⚡	high voltage	Travel & Places	sky & weather	danger|electric|electricity|high|lightning|nature|thunder|thunderbolt|voltage|zap
❄️	snowflake	Travel & Places	sky & weather	cold|snow|weather
☃️	snowman	Travel & Places	sky & weather	cold|man|snow
⛄	snowman without snow	Travel & Places	sky & weather	cold|man|snow|snowman
☄️	comet	Travel & Places	sky & weather	space
🪋	meteor	Travel & Places	sky & weather	
🔥	fire	Travel & Places	sky & weather	af|burn|flame|hot|lit|litaf|tool
💧	droplet	Travel & Places	sky & weather	cold|comic|drop|nature|sad|sweat|tear|water|weather
🌊	water wave	Travel & Places	sky & weather	nature|ocean|surf|surfer|surfing|water|wave
🎃	jack-o-lantern	Activities	event	celebration|halloween|jack|lantern|pumpkin
🎄	Christmas tree	Activities	event	celebration|Christmas|tree
🎆	fireworks	Activities	event	boom|celebration|entertainment|yolo
🎇	sparkler	Activities	event	boom|celebration|fireworks|sparkle
🧨	firecracker	Activities	event	dynamite|explosive|fire|fireworks|light|pop|popping|spark
✨	sparkles	Activities	event	*|magic|sparkle|star
🎈	balloon	Activities	event	birthday|celebrate|celebration
🎉	party popper	Activities	event	awesome|birthday|celebrate|celebration|excited|hooray|party|popper|tada|woohoo
🎊	confetti ball	Activities	event	ball|celebrate|celebration|confetti|party|woohoo
🎋	tanabata tree	Activities	event	banner|celebration|Japanese|tanabata|tree
🎍	pine decoration	Activities	event	bamboo|celebration|decoration|Japanese|pine|plant
🎎	Japanese dolls	Activities	event	celebration|doll|dolls|festival|Japanese
🎏	carp streamer	Activities	event	carp|celebration|streamer
🎐	wind chime	Activities	event	bell|celebration|chime|wind
🎑	moon viewing ceremony	Activities	event	celebration|ceremony|moon|viewing
🧧	red envelope	Activities	event	envelope|gift|good|hóngbāo|lai|luck|money|red|see
🎀	ribbon	Activities	event	celebration
🎁	wrapped gift	Activities	event	birthday|bow|box|celebration|christmas|gift|present|surprise|wrapped
🎗️	reminder ribbon	Activities	event	celebration|reminder|ribbon
🎟️	admission tickets	Activities	event	admission|ticket|tickets
🎫	ticket	Activities	event	admission|stub
🎖️	military medal	Activities	award-medal	award|celebration|medal|military
🏆	trophy	Activities	award-medal	champion|champs|prize|slay|sport|victory|win|winning
🏅	sports medal	Activities	award-medal	award|gold|medal|sports|winner
🥇	1st place medal	Activities	award-medal	1st|first|gold|medal|place
🥈	2nd place medal	Activities	award-medal	2nd|medal|place|second|silver
🥉	3rd place medal	Activities	award-medal	3rd|bronze|medal|place|third
⚽	soccer ball	Activities	sport	ball|football|futbol|soccer|sport
⚾	baseball	Activities	sport	ball|sport
🥎	softball	Activities	sport	ball|glove|sports|underarm
🏀	basketball	Activities	sport	ball|hoop|sport
🏐	volleyball	Activities	sport	ball|game
🏈	american football	Activities	sport	american|ball|bowl|football|sport|super
🏉	rugby football	Activities	sport	ball|football|rugby|sport
🎾	tennis	Activities	sport	ball|racquet|sport
🥏	flying disc	Activities	sport	disc|flying|ultimate
🎳	bowling	Activities	sport	ball|game|sport|strike
🏏	cricket game	Activities	sport	ball|bat|cricket|game
🏑	field hockey	Activities	sport	ball|field|game|hockey|stick
🏒	ice hockey	Activities	sport	game|hockey|ice|puck|stick
🥍	lacrosse	Activities	sport	ball|goal|sports|stick
🏓	ping pong	Activities	sport	ball|bat|game|paddle|ping|pingpong|pong|table|tennis
🏸	badminton	Activities	sport	birdie|game|racquet|shuttlecock
🥊	boxing glove	Activities	sport	boxing|glove
🥋	martial arts uniform	Activities	sport	arts|judo|karate|martial|taekwondo|uniform
🥅	goal net	Activities	sport	goal|net
⛳	flag in hole	Activities	sport	flag|golf|hole|sport
⛸️	ice skate	Activities	sport	ice|skate|skating
🎣	fishing pole	Activities	sport	entertainment|fish|fishing|pole|sport
🤿	diving mask	Activities	sport	diving|mask|scuba|snorkeling
🎽	running shirt	Activities	sport	athletics|running|sash|shirt
🎿	skis	Activities	sport	ski|snow|sport
🛷	sled	Activities	sport	luge|sledge|sleigh|snow|toboggan
🥌	curling stone	Activities	sport	curling|game|rock|stone
🎯	bullseye	Activities	game	bull|dart|direct|entertainment|game|hit|target
🪀	yo-yo	Activities	game	fluctuate|toy
🪁	kite	Activities	game	fly|soar
🔫	water pistol	Activities	game	gun|handgun|pistol|revolver|tool|water|weapon
🎱	pool 8 ball	Activities	game	8|8ball|ball|billiard|eight|game|pool
🔮	crystal ball	Activities	game	ball|crystal|fairy|fairytale|fantasy|fortune|future|magic|tale|tool
🪄	magic wand	Activities	game	magic|magician|wand|witch|wizard
🎮	video game	Activities	game	controller|entertainment|game|video
🕹️	joystick	Activities	game	game|video|videogame
🎰	slot machine	Activities	game	casino|gamble|gambling|game|machine|slot|slots
🎲	game die	Activities	game	dice|die|entertainment|game
🧩	puzzle piece	Activities	game	clue|interlocking|jigsaw|piece|puzzle
🧸	teddy bear	Activities	game	bear|plaything|plush|stuffed|teddy|toy
🪅	piñata	Activities	game	candy|celebrate|celebration|cinco|de|festive|mayo|party|pinada|pinata
🪩	mirror ball	Activities	game	ball|dance|disco|glitter|mirror|party
🪆	nesting dolls	Activities	game	babooshka|baboushka|babushka|doll|dolls|matryoshka|nesting|russia
♠️	spade suit	Activities	game	card|game|spade|suit
♥️	heart suit	Activities	game	card|emotion|game|heart|hearts|suit
♦️	diamond suit	Activities	game	card|diamond|game|suit
♣️	club suit	Activities	game	card|club|clubs|game|suit
♟️	chess pawn	Activities	game	chess|dupe|expendable|pawn
🃏	joker	Activities	game	card|game|wildcard
🀄	mahjong red dragon	Activities	game	dragon|game|mahjong|red
🎴	flower playing cards	Activities	game	card|cards|flower|game|Japanese|playing
🎭	performing arts	Activities	arts & crafts	actor|actress|art|arts|entertainment|mask|performing|theater|theatre|thespian
🖼️	framed picture	Activities	arts & crafts	art|frame|framed|museum|painting|picture
🎨	artist palette	Activities	arts & crafts	art|artist|artsy|arty|colorful|creative|entertainment|museum|painter|painting|palette
🧵	thread	Activities	arts & crafts	needle|sewing|spool|string
🪡	sewing needle	Activities	arts & crafts	embroidery|needle|sew|sewing|stitches|sutures|tailoring|thread
🧶	yarn	Activities	arts & crafts	ball|crochet|knit
🪢	knot	Activities	arts & crafts	cord|rope|tangled|tie|twine|twist
👓	glasses	Objects	clothing	clothing|eye|eyeglasses|eyewear
🕶️	sunglasses	Objects	clothing	dark|eye|eyewear|glasses
🥽	goggles	Objects	clothing	dive|eye|protection|scuba|swimming|welding
🥼	lab coat	Objects	clothing	clothes|coat|doctor|dr|experiment|jacket|lab|scientist|white
🦺	safety vest	Objects	clothing	emergency|safety|vest
👔	necktie	Objects	clothing	clothing|employed|serious|shirt|tie
👕	t-shirt	Objects	clothing	blue|casual|clothes|clothing|collar|dressed|shirt|shopping|tshirt|weekend
👖	jeans	Objects	clothing	blue|casual|clothes|clothing|denim|dressed|pants|shopping|trousers|weekend
🧣	scarf	Objects	clothing	bundle|cold|neck|up
🧤	gloves	Objects	clothing	hand
🧥	coat	Objects	clothing	brr|bundle|cold|jacket|up
🧦	socks	Objects	clothing	stocking
👗	dress	Objects	clothing	clothes|clothing|dressed|fancy|shopping
👘	kimono	Objects	clothing	clothing|comfortable
🥻	sari	Objects	clothing	clothing|dress
🩱	one-piece swimsuit	Objects	clothing	bathing|one-piece|suit|swimsuit
🩲	briefs	Objects	clothing	bathing|one-piece|suit|swimsuit|underwear
🩳	shorts	Objects	clothing	bathing|pants|suit|swimsuit|underwear
👙	bikini	Objects	clothing	bathing|beach|clothing|pool|suit|swim
👚	woman’s clothes	Objects	clothing	blouse|clothes|clothing|collar|dress|dressed|lady|shirt|shopping|woman|woman’s
🪭	folding hand fan	Objects	clothing	clack|clap|cool|cooling|dance|fan|flirt|flutter|folding|hand|hot|shy
👛	purse	Objects	clothing	clothes|clothing|coin|dress|fancy|handbag|shopping
👜	handbag	Objects	clothing	bag|clothes|clothing|dress|lady|purse|shopping
👝	clutch bag	Objects	clothing	bag|clothes|clothing|clutch|dress|handbag|pouch|purse
🛍️	shopping bags	Objects	clothing	bag|bags|hotel|shopping
🎒	backpack	Objects	clothing	backpacking|bag|bookbag|education|rucksack|satchel|school
🩴	thong sandal	Objects	clothing	beach|flip|flop|sandal|sandals|shoe|thong|thongs|zōri
👞	man’s shoe	Objects	clothing	brown|clothes|clothing|feet|foot|kick|man|man’s|shoe|shoes|shopping
👟	running shoe	Objects	clothing	athletic|clothes|clothing|fast|kick|running|shoe|shoes|shopping|sneaker|tennis
🥾	hiking boot	Objects	clothing	backpacking|boot|brown|camping|hiking|outdoors|shoe
🥿	flat shoe	Objects	clothing	ballet|comfy|flat|flats|shoe|slip-on|slipper
👠	high-heeled shoe	Objects	clothing	clothes|clothing|dress|fashion|heel|heels|high-heeled|shoe|shoes|shopping|stiletto|woman
👡	woman’s sandal	Objects	clothing	clothing|sandal|shoe|woman|woman’s
🩰	ballet shoes	Objects	clothing	ballet|dance|shoes
👢	woman’s boot	Objects	clothing	boot|clothes|clothing|dress|shoe|shoes|shopping|woman|woman’s
🪮	hair pick	Objects	clothing	Afro|comb|groom|hair|pick
👑	crown	Objects	clothing	clothing|family|king|medieval|queen|royal|royalty|win
👒	woman’s hat	Objects	clothing	clothes|clothing|garden|hat|hats|party|woman|woman’s
🎩	top hat	Objects	clothing	clothes|clothing|fancy|formal|hat|magic|top|tophat
🎓	graduation cap	Objects	clothing	cap|celebration|clothing|education|graduation|hat|scholar
🧢	billed cap	Objects	clothing	baseball|bent|billed|cap|dad|hat
🪖	military helmet	Objects	clothing	army|helmet|military|soldier|war|warrior
⛑️	rescue worker’s helmet	Objects	clothing	aid|cross|face|hat|helmet|rescue|worker’s
📿	prayer beads	Objects	clothing	beads|clothing|necklace|prayer|religion
💄	lipstick	Objects	clothing	cosmetics|date|makeup
💍	ring	Objects	clothing	diamond|engaged|engagement|married|romance|shiny|sparkling|wedding
💎	gem stone	Objects	clothing	diamond|engagement|gem|jewel|money|romance|stone|wedding
🔇	muted speaker	Objects	sound	mute|muted|quiet|silent|sound|speaker
🔈	speaker low volume	Objects	sound	low|soft|sound|speaker|volume
🔉	speaker medium volume	Objects	sound	medium|sound|speaker|volume
🔊	speaker high volume	Objects	sound	high|loud|music|sound|speaker|volume
📢	loudspeaker	Objects	sound	address|communication|loud|public|sound
📣	megaphone	Objects	sound	cheering|sound
📯	postal horn	Objects	sound	horn|post|postal
🔔	bell	Objects	sound	break|church|sound
🔕	bell with slash	Objects	sound	bell|forbidden|mute|no|not|prohibited|quiet|silent|slash|sound
🎼	musical score	Objects	music	music|musical|note|score
🎵	musical note	Objects	music	music|musical|note|sound
🎶	musical notes	Objects	music	music|musical|note|notes|sound
🎙️	studio microphone	Objects	music	mic|microphone|music|studio
🎚️	level slider	Objects	music	level|music|slider
🎛️	control knobs	Objects	music	control|knobs|music
🎤	microphone	Objects	music	karaoke|mic|music|sing|sound
🎧	headphone	Objects	music	earbud|sound
📻	radio	Objects	music	entertainment|tbt|video
🎷	saxophone	Objects	musical-instrument	instrument|music|sax
🎺	trumpet	Objects	musical-instrument	instrument|music
🪊	trombone	Objects	musical-instrument	brass|instrument|jazz|music|sad|slide
🪗	accordion	Objects	musical-instrument	box|concertina|instrument|music|squeeze|squeezebox
🎸	guitar	Objects	musical-instrument	instrument|music|strat
🎹	musical keyboard	Objects	musical-instrument	instrument|keyboard|music|musical|piano
🎻	violin	Objects	musical-instrument	instrument|music
🪕	banjo	Objects	musical-instrument	music|stringed
🥁	drum	Objects	musical-instrument	drumsticks|music
🪘	long drum	Objects	musical-instrument	beat|conga|drum|instrument|long|rhythm
🪇	maracas	Objects	musical-instrument	cha|dance|instrument|music|party|percussion|rattle|shake|shaker
🪈	flute	Objects	musical-instrument	band|fife|flautist|instrument|marching|music|orchestra|piccolo|pipe|recorder|woodwind
🪉	harp	Objects	musical-instrument	cupid|instrument|love|music|orchestra
📱	mobile phone	Objects	phone	cell|communication|mobile|phone|telephone
📲	mobile phone with arrow	Objects	phone	arrow|build|call|cell|communication|mobile|phone|receive|telephone
☎️	telephone	Objects	phone	phone
📞	telephone receiver	Objects	phone	communication|phone|receiver|telephone|voip
📟	pager	Objects	phone	communication
📠	fax machine	Objects	phone	communication|fax|machine
🔋	battery	Objects	computer	
🪫	low battery	Objects	computer	battery|drained|electronic|energy|low|power
🔌	electric plug	Objects	computer	electric|electricity|plug
💻	laptop	Objects	computer	computer|office|pc|personal
🖥️	desktop computer	Objects	computer	computer|desktop|monitor
🖨️	printer	Objects	computer	computer
⌨️	keyboard	Objects	computer	computer
🖱️	computer mouse	Objects	computer	computer|mouse
🖲️	trackball	Objects	computer	computer
💽	computer disk	Objects	computer	computer|disk|minidisk|optical
💾	floppy disk	Objects	computer	computer|disk|floppy
💿	optical disk	Objects	computer	blu-ray|CD|computer|disk|dvd|optical
📀	dvd	Objects	computer	Blu-ray|cd|computer|disk|optical
🧮	abacus	Objects	computer	calculation|calculator
🎥	movie camera	Objects	light & video	bollywood|camera|cinema|film|hollywood|movie|record
🎞️	film frames	Objects	light & video	cinema|film|frames|movie
📽️	film projector	Objects	light & video	cinema|film|movie|projector|video
🎬	clapper board	Objects	light & video	action|board|clapper|movie
📺	television	Objects	light & video	tv|video
📷	camera	Objects	light & video	photo|selfie|snap|tbt|trip|video
📸	camera with flash	Objects	light & video	camera|flash|video
📹	video camera	Objects	light & video	camcorder|camera|tbt|video
📼	videocassette	Objects	light & video	old|school|tape|vcr|vhs|video
🔍	magnifying glass tilted left	Objects	light & video	glass|lab|left|left-pointing|magnifying|science|search|tilted|tool
🔎	magnifying glass tilted right	Objects	light & video	contact|glass|lab|magnifying|right|right-pointing|science|search|tilted|tool
🕯️	candle	Objects	light & video	light
💡	light bulb	Objects	light & video	bulb|comic|electric|idea|light
🔦	flashlight	Objects	light & video	electric|light|tool|torch
🏮	red paper lantern	Objects	light & video	bar|lantern|light|paper|red|restaurant
🪔	diya lamp	Objects	light & video	diya|lamp|light|oil
📔	notebook with decorative cover	Objects	book-paper	book|cover|decorated|decorative|education|notebook|school|writing
📕	closed book	Objects	book-paper	book|closed|education
📖	open book	Objects	book-paper	book|education|fantasy|knowledge|library|novels|open|reading
📗	green book	Objects	book-paper	book|education|fantasy|green|library|reading
📘	blue book	Objects	book-paper	blue|book|education|fantasy|library|reading
📙	orange book	Objects	book-paper	book|education|fantasy|library|orange|reading
📚	books	Objects	book-paper	book|education|fantasy|knowledge|library|novels|reading|school|study
📓	notebook	Objects	book-paper	
📒	ledger	Objects	book-paper	notebook
📃	page with curl	Objects	book-paper	curl|document|page|paper
📜	scroll	Objects	book-paper	paper
📄	page facing up	Objects	book-paper	document|facing|page|paper|up
📰	newspaper	Objects	book-paper	communication|news|paper
🗞️	rolled-up newspaper	Objects	book-paper	news|newspaper|paper|rolled|rolled-up
📑	bookmark tabs	Objects	book-paper	bookmark|mark|marker|tabs
🔖	bookmark	Objects	book-paper	mark
🏷️	label	Objects	book-paper	tag
🪙	coin	Objects	money	dollar|euro|gold|metal|money|rich|silver|treasure
💰	money bag	Objects	money	bag|bank|bet|billion|cash|cost|dollar|gold|million|money|moneybag|paid|paying|pot|rich|win
🪎	treasure chest	Objects	money	gem|gold|jewels|loot|money|prize|silver|valuables|wealth
💴	yen banknote	Objects	money	bank|banknote|bill|currency|money|note|yen
💵	dollar banknote	Objects	money	bank|banknote|bill|currency|dollar|money|note
💶	euro banknote	Objects	money	100|bank|banknote|bill|currency|euro|money|note|rich
💷	pound banknote	Objects	money	bank|banknote|bill|billion|cash|currency|money|note|pound|pounds
💸	money with wings	Objects	money	bank|banknote|bill|billion|cash|dollar|fly|million|money|note|pay|wings
💳	credit card	Objects	money	bank|card|cash|charge|credit|money|pay
🧾	receipt	Objects	money	accounting|bookkeeping|evidence|invoice|proof
💹	chart increasing with yen	Objects	money	bank|chart|currency|graph|growth|increasing|market|money|rise|trend|upward|yen
✉️	envelope	Objects	mail	e-mail|email|letter
📧	e-mail	Objects	mail	email|letter|mail
📨	incoming envelope	Objects	mail	delivering|e-mail|email|envelope|incoming|letter|mail|receive|sent
📩	envelope with arrow	Objects	mail	arrow|communication|down|e-mail|email|envelope|letter|mail|outgoing|send|sent
📤	outbox tray	Objects	mail	box|email|letter|mail|outbox|sent|tray
📥	inbox tray	Objects	mail	box|email|inbox|letter|mail|receive|tray|zero
📦	package	Objects	mail	box|communication|delivery|parcel|shipping
📫	closed mailbox with raised flag	Objects	mail	closed|communication|flag|mail|mailbox|postbox|raised
📪	closed mailbox with lowered flag	Objects	mail	closed|flag|lowered|mail|mailbox|postbox
📬	open mailbox with raised flag	Objects	mail	flag|mail|mailbox|open|postbox|raised
📭	open mailbox with lowered flag	Objects	mail	flag|lowered|mail|mailbox|open|postbox
📮	postbox	Objects	mail	mail|mailbox
🗳️	ballot box with ballot	Objects	mail	ballot|box
✏️	pencil	Objects	writing	
✒️	black nib	Objects	writing	black|nib|pen
🖋️	fountain pen	Objects	writing	fountain|pen
🖊️	pen	Objects	writing	ballpoint
🖌️	paintbrush	Objects	writing	painting
🖍️	crayon	Objects	writing	
📝	memo	Objects	writing	communication|media|notes|pencil
🪌	eraser	Objects	writing	
💼	briefcase	Objects	office	office
📁	file folder	Objects	office	file|folder
📂	open file folder	Objects	office	file|folder|open
🗂️	card index dividers	Objects	office	card|dividers|index
📅	calendar	Objects	office	date
📆	tear-off calendar	Objects	office	calendar|tear-off
🗒️	spiral notepad	Objects	office	note|notepad|pad|spiral
🗓️	spiral calendar	Objects	office	calendar|pad|spiral
📇	card index	Objects	office	card|index|old|rolodex|school
📈	chart increasing	Objects	office	chart|data|graph|growth|increasing|right|trend|up|upward
📉	chart decreasing	Objects	office	chart|data|decreasing|down|downward|graph|negative|trend
📊	bar chart	Objects	office	bar|chart|data|graph
📋	clipboard	Objects	office	do|list|notes
📌	pushpin	Objects	office	collage|pin
📍	round pushpin	Objects	office	location|map|pin|pushpin|round
📎	paperclip	Objects	office	
🖇️	linked paperclips	Objects	office	link|linked|paperclip|paperclips
📏	straight ruler	Objects	office	angle|edge|math|ruler|straight|straightedge
📐	triangular ruler	Objects	office	angle|math|rule|ruler|set|slide|triangle|triangular
✂️	scissors	Objects	office	cut|cutting|paper|tool
🗃️	card file box	Objects	office	box|card|file
🗄️	file cabinet	Objects	office	cabinet|file|filing|paper
🗑️	wastebasket	Objects	office	can|garbage|trash|waste
🔒	locked	Objects	lock	closed|lock|private
🔓	unlocked	Objects	lock	cracked|lock|open|unlock
🔏	locked with pen	Objects	lock	ink|lock|locked|nib|pen|privacy
🔐	locked with key	Objects	lock	bike|closed|key|lock|locked|secure
🔑	key	Objects	lock	keys|lock|major|password|unlock
🗝️	old key	Objects	lock	clue|key|lock|old
🪍	net with handle	Objects	tool	
🔨	hammer	Objects	tool	home|improvement|repairs|tool
🪓	axe	Objects	tool	ax|chop|hatchet|split|wood
⛏️	pick	Objects	tool	hammer|mining|tool
⚒️	hammer and pick	Objects	tool	hammer|pick|tool
🛠️	hammer and wrench	Objects	tool	hammer|spanner|tool|wrench
🗡️	dagger	Objects	tool	knife|weapon
⚔️	crossed swords	Objects	tool	crossed|swords|weapon
💣	bomb	Objects	tool	boom|comic|dangerous|explosion|hot
🪃	boomerang	Objects	tool	rebound|repercussion|weapon
🏹	bow and arrow	Objects	tool	archer|archery|arrow|bow|Sagittarius|tool|weapon|zodiac
🛡️	shield	Objects	tool	weapon
🪚	carpentry saw	Objects	tool	carpenter|carpentry|cut|lumber|saw|tool|trim
🔧	wrench	Objects	tool	home|improvement|spanner|tool
🪛	screwdriver	Objects	tool	flathead|handy|screw|tool
🔩	nut and bolt	Objects	tool	bolt|home|improvement|nut|tool
⚙️	gear	Objects	tool	cog|cogwheel|tool
🗜️	clamp	Objects	tool	compress|tool|vice
⚖️	balance scale	Objects	tool	balance|justice|Libra|scale|scales|tool|weight|zodiac
🦯	white cane	Objects	tool	accessibility|blind|cane|probing|white
🔗	link	Objects	tool	links
⛓️‍💥	broken chain	Objects	tool	break|breaking|broken|chain|cuffs|freedom
⛓️	chains	Objects	tool	chain
🪝	hook	Objects	tool	catch|crook|curve|ensnare|point|selling
🧰	toolbox	Objects	tool	box|chest|mechanic|red|tool
🧲	magnet	Objects	tool	attraction|horseshoe|magnetic|negative|positive|shape|u
🪜	ladder	Objects	tool	climb|rung|step
🪏	shovel	Objects	tool	bury|dig|garden|hole|plant|scoop|snow|spade
⚗️	alembic	Objects	science	chemistry|tool
🧪	test tube	Objects	science	chemist|chemistry|experiment|lab|science|test|tube
🧫	petri dish	Objects	science	bacteria|biologist|biology|culture|dish|lab|petri
🧬	dna	Objects	science	biologist|evolution|gene|genetics|life
🔬	microscope	Objects	science	experiment|lab|science|tool
🔭	telescope	Objects	science	contact|extraterrestrial|science|tool
📡	satellite antenna	Objects	science	aliens|antenna|contact|dish|satellite|science
💉	syringe	Objects	medical	doctor|flu|medicine|needle|shot|sick|tool|vaccination
🩸	drop of blood	Objects	medical	bleed|blood|donation|drop|injury|medicine|menstruation
💊	pill	Objects	medical	doctor|drugs|medicated|medicine|pills|sick|vitamin
🩹	adhesive bandage	Objects	medical	adhesive|bandage
🩼	crutch	Objects	medical	aid|cane|disability|help|hurt|injured|mobility|stick
🩺	stethoscope	Objects	medical	doctor|heart|medicine
🩻	x-ray	Objects	medical	bones|doctor|medical|skeleton|skull|xray
🚪	door	Objects	household	back|closet|front
🛗	elevator	Objects	household	accessibility|hoist|lift
🪞	mirror	Objects	household	makeup|reflection|reflector|speculum
🪟	window	Objects	household	air|frame|fresh|opening|transparent|view
🛏️	bed	Objects	household	hotel|sleep
🛋️	couch and lamp	Objects	household	couch|hotel|lamp
🪑	chair	Objects	household	seat|sit
🚽	toilet	Objects	household	bathroom
🪠	plunger	Objects	household	cup|force|plumber|poop|suction|toilet
🚿	shower	Objects	household	water
🛁	bathtub	Objects	household	bath
🪤	mouse trap	Objects	household	bait|cheese|lure|mouse|mousetrap|snare|trap
🪒	razor	Objects	household	sharp|shave
🧴	lotion bottle	Objects	household	bottle|lotion|moisturizer|shampoo|sunscreen
🧷	safety pin	Objects	household	diaper|pin|punk|rock|safety
🧹	broom	Objects	household	cleaning|sweeping|witch
🧺	basket	Objects	household	farming|laundry|picnic
🧻	roll of paper	Objects	household	paper|roll|toilet|towels
🪣	bucket	Objects	household	cask|pail|vat
🧼	soap	Objects	household	bar|bathing|clean|cleaning|lather|soapdish
🫧	bubbles	Objects	household	bubble|burp|clean|floating|pearl|soap|underwater
🪥	toothbrush	Objects	household	bathroom|brush|clean|dental|hygiene|teeth|toiletry
🧽	sponge	Objects	household	absorbing|cleaning|porous|soak
🧯	fire extinguisher	Objects	household	extinguish|extinguisher|fire|quench
🛒	shopping cart	Objects	household	cart|shopping|trolley
🚬	cigarette	Objects	other-object	smoking
⚰️	coffin	Objects	other-object	dead|death|vampire
🪦	headstone	Objects	other-object	cemetery|dead|grave|graveyard|memorial|rip|tomb|tombstone
⚱️	funeral urn	Objects	other-object	ashes|death|funeral|urn
🧿	nazar amulet	Objects	other-object	amulet|bead|blue|charm|evil-eye|nazar|talisman
🪬	hamsa	Objects	other-object	amulet|Fatima|fortune|guide|hand|Mary|Miriam|palm|protect|protection
🗿	moai	Objects	other-object	face|moyai|statue|stoneface|travel
🪧	placard	Objects	other-object	card|demonstration|notice|picket|plaque|protest|sign
🪪	identification card	Objects	other-object	card|credentials|document|ID|identification|license|security
🏧	ATM sign	Symbols	transport-sign	ATM|automated|bank|cash|money|sign|teller
🚮	litter in bin sign	Symbols	transport-sign	bin|litter|litterbin|sign
🚰	potable water	Symbols	transport-sign	drinking|potable|water
♿	wheelchair symbol	Symbols	transport-sign	access|handicap|symbol|wheelchair
🚹	men’s room	Symbols	transport-sign	bathroom|lavatory|man|men’s|restroom|room|toilet|WC
🚺	women’s room	Symbols	transport-sign	bathroom|lavatory|restroom|room|toilet|WC|woman|women’s
🚻	restroom	Symbols	transport-sign	bathroom|lavatory|toilet|WC
🚼	baby symbol	Symbols	transport-sign	baby|changing|symbol
🚾	water closet	Symbols	transport-sign	bathroom|closet|lavatory|restroom|toilet|water|WC
🛂	passport control	Symbols	transport-sign	control|passport
🛃	customs	Symbols	transport-sign	packing
🛄	baggage claim	Symbols	transport-sign	arrived|baggage|bags|case|checked|claim|journey|packing|plane|ready|travel|trip
🛅	left luggage	Symbols	transport-sign	baggage|case|left|locker|luggage
⚠️	warning	Symbols	warning	caution
🚸	children crossing	Symbols	warning	child|children|crossing|pedestrian|traffic
⛔	no entry	Symbols	warning	do|entry|fail|forbidden|no|not|pass|prohibited|traffic
🚫	prohibited	Symbols	warning	entry|forbidden|no|not|smoke
🚳	no bicycles	Symbols	warning	bicycle|bicycles|bike|forbidden|no|not|prohibited
🚭	no smoking	Symbols	warning	forbidden|no|not|prohibited|smoke|smoking
🚯	no littering	Symbols	warning	forbidden|litter|littering|no|not|prohibited
🚱	non-potable water	Symbols	warning	dry|non-drinking|non-potable|prohibited|water
🚷	no pedestrians	Symbols	warning	forbidden|no|not|pedestrian|pedestrians|prohibited
📵	no mobile phones	Symbols	warning	cell|forbidden|mobile|no|not|phone|phones|prohibited|telephone
🔞	no one under eighteen	Symbols	warning	18|age|eighteen|forbidden|no|not|one|prohibited|restriction|underage
☢️	radioactive	Symbols	warning	sign
☣️	biohazard	Symbols	warning	sign
⬆️	up arrow	Symbols	arrow	arrow|cardinal|direction|north|up
↗️	up-right arrow	Symbols	arrow	arrow|direction|intercardinal|northeast|up-right
➡️	right arrow	Symbols	arrow	arrow|cardinal|direction|east|right
↘️	down-right arrow	Symbols	arrow	arrow|direction|down-right|intercardinal|southeast
⬇️	down arrow	Symbols	arrow	arrow|cardinal|direction|down|south
↙️	down-left arrow	Symbols	arrow	arrow|direction|down-left|intercardinal|southwest
⬅️	left arrow	Symbols	arrow	arrow|cardinal|direction|left|west
↖️	up-left arrow	Symbols	arrow	arrow|direction|intercardinal|northwest|up-left
↕️	up-down arrow	Symbols	arrow	arrow|up-down
↔️	left-right arrow	Symbols	arrow	arrow|left-right
↩️	right arrow curving left	Symbols	arrow	arrow|curving|left|right
↪️	left arrow curving right	Symbols	arrow	arrow|curving|left|right
⤴️	right arrow curving up	Symbols	arrow	arrow|curving|right|up
⤵️	right arrow curving down	Symbols	arrow	arrow|curving|down|right
🔃	clockwise vertical arrows	Symbols	arrow	arrow|arrows|clockwise|refresh|reload|vertical
🔄	counterclockwise arrows button	Symbols	arrow	again|anticlockwise|arrow|arrows|button|counterclockwise|deja|refresh|rewindershins|vu
🔙	BACK arrow	Symbols	arrow	arrow|BACK
🔚	END arrow	Symbols	arrow	arrow|END
🔛	ON! arrow	Symbols	arrow	arrow|mark|ON!
🔜	SOON arrow	Symbols	arrow	arrow|brb|omw|SOON
🔝	TOP arrow	Symbols	arrow	arrow|homie|TOP|up
🛐	place of worship	Symbols	religion	place|pray|religion|worship
⚛️	atom symbol	Symbols	religion	atheist|atom|symbol
🕉️	om	Symbols	religion	Hindu|religion
✡️	star of David	Symbols	religion	David|Jew|Jewish|judaism|religion|star
☸️	wheel of dharma	Symbols	religion	Buddhist|dharma|religion|wheel
☯️	yin yang	Symbols	religion	difficult|lives|religion|tao|taoist|total|yang|yin|yinyang
✝️	latin cross	Symbols	religion	christ|Christian|cross|latin|religion
☦️	orthodox cross	Symbols	religion	Christian|cross|orthodox|religion
☪️	star and crescent	Symbols	religion	crescent|islam|Muslim|ramadan|religion|star
☮️	peace symbol	Symbols	religion	healing|peace|peaceful|symbol
🕎	menorah	Symbols	religion	candelabrum|candlestick|hanukkah|jewish|judaism|religion
🔯	dotted six-pointed star	Symbols	religion	dotted|fortune|jewish|judaism|six-pointed|star
🪯	khanda	Symbols	religion	Deg|Fateh|Khalsa|religion|Sikh|Sikhism|Tegh
♈	Aries	Symbols	zodiac	horoscope|ram|zodiac
♉	Taurus	Symbols	zodiac	bull|horoscope|ox|zodiac
♊	Gemini	Symbols	zodiac	horoscope|twins|zodiac
♋	Cancer	Symbols	zodiac	crab|horoscope|zodiac
♌	Leo	Symbols	zodiac	horoscope|lion|zodiac
♍	Virgo	Symbols	zodiac	horoscope|zodiac
♎	Libra	Symbols	zodiac	balance|horoscope|justice|scales|zodiac
♏	Scorpio	Symbols	zodiac	horoscope|scorpion|Scorpius|zodiac
♐	Sagittarius	Symbols	zodiac	archer|horoscope|zodiac
♑	Capricorn	Symbols	zodiac	goat|horoscope|zodiac
♒	Aquarius	Symbols	zodiac	bearer|horoscope|water|zodiac
♓	Pisces	Symbols	zodiac	fish|horoscope|zodiac
⛎	Ophiuchus	Symbols	zodiac	bearer|serpent|snake|zodiac
🔀	shuffle tracks button	Symbols	av-symbol	arrow|button|crossed|shuffle|tracks
🔁	repeat button	Symbols	av-symbol	arrow|button|clockwise|repeat
🔂	repeat single button	Symbols	av-symbol	arrow|button|clockwise|once|repeat|single
▶️	play button	Symbols	av-symbol	arrow|button|play|right|triangle
⏩	fast-forward button	Symbols	av-symbol	arrow|button|double|fast|fast-forward|forward
⏭️	next track button	Symbols	av-symbol	arrow|button|next|scene|track|triangle
⏯️	play or pause button	Symbols	av-symbol	arrow|button|pause|play|right|triangle
◀️	reverse button	Symbols	av-symbol	arrow|button|left|reverse|triangle
⏪	fast reverse button	Symbols	av-symbol	arrow|button|double|fast|reverse|rewind
⏮️	last track button	Symbols	av-symbol	arrow|button|last|previous|scene|track|triangle
🔼	upwards button	Symbols	av-symbol	arrow|button|red|up|upwards
⏫	fast up button	Symbols	av-symbol	arrow|button|double|fast|up
🔽	downwards button	Symbols	av-symbol	arrow|button|down|downwards|red
⏬	fast down button	Symbols	av-symbol	arrow|button|double|down|fast
⏸️	pause button	Symbols	av-symbol	bar|button|double|pause|vertical
⏹️	stop button	Symbols	av-symbol	button|square|stop
⏺️	record button	Symbols	av-symbol	button|circle|record
⏏️	eject button	Symbols	av-symbol	button|eject
🎦	cinema	Symbols	av-symbol	camera|film|movie
🔅	dim button	Symbols	av-symbol	brightness|button|dim|low
🔆	bright button	Symbols	av-symbol	bright|brightness|button|light
📶	antenna bars	Symbols	av-symbol	antenna|bar|bars|cell|communication|mobile|phone|signal|telephone
🛜	wireless	Symbols	av-symbol	broadband|computer|connectivity|hotspot|internet|network|router|smartphone|wi-fi|wifi|wlan
📳	vibration mode	Symbols	av-symbol	cell|communication|mobile|mode|phone|telephone|vibration
📴	mobile phone off	Symbols	av-symbol	cell|mobile|off|phone|telephone
♀️	female sign	Symbols	gender	female|sign|woman
♂️	male sign	Symbols	gender	male|man|sign
⚧️	transgender symbol	Symbols	gender	symbol|transgender
✖️	multiply	Symbols	math	×|cancel|multiplication|sign|x
➕	plus	Symbols	math	+
➖	minus	Symbols	math	-|−|heavy|math|sign
➗	divide	Symbols	math	÷|division|heavy|math|sign
🟰	heavy equals sign	Symbols	math	answer|equal|equality|equals|heavy|math|sign
♾️	infinity	Symbols	math	forever|unbounded|universal
‼️	double exclamation mark	Symbols	punctuation	!|!!|bangbang|double|exclamation|mark|punctuation
⁉️	exclamation question mark	Symbols	punctuation	!|!?|?|exclamation|interrobang|mark|punctuation|question
❓	red question mark	Symbols	punctuation	?|mark|punctuation|question|red
❔	white question mark	Symbols	punctuation	?|mark|outlined|punctuation|question|white
❕	white exclamation mark	Symbols	punctuation	!|exclamation|mark|outlined|punctuation|white
❗	red exclamation mark	Symbols	punctuation	!|exclamation|mark|punctuation|red
〰️	wavy dash	Symbols	punctuation	dash|punctuation|wavy
💱	currency exchange	Symbols	currency	bank|currency|exchange|money
💲	heavy dollar sign	Symbols	currency	billion|cash|charge|currency|dollar|heavy|million|money|pay|sign
⚕️	medical symbol	Symbols	other-symbol	aesculapius|medical|medicine|staff|symbol
♻️	recycling symbol	Symbols	other-symbol	recycle|recycling|symbol
⚜️	fleur-de-lis	Symbols	other-symbol	knights
🔱	trident emblem	Symbols	other-symbol	anchor|emblem|poseidon|ship|tool|trident
📛	name badge	Symbols	other-symbol	badge|name
🔰	Japanese symbol for beginner	Symbols	other-symbol	beginner|chevron|green|Japanese|leaf|symbol|tool|yellow
⭕	hollow red circle	Symbols	other-symbol	circle|heavy|hollow|large|o|red
✅	check mark button	Symbols	other-symbol	✓|button|check|checked|checkmark|complete|completed|done|fixed|mark|tick
☑️	check box with check	Symbols	other-symbol	✓|ballot|box|check|checked|done|off|tick
✔️	check mark	Symbols	other-symbol	✓|check|checked|checkmark|done|heavy|mark|tick
❌	cross mark	Symbols	other-symbol	×|cancel|cross|mark|multiplication|multiply|x
❎	cross mark button	Symbols	other-symbol	×|button|cross|mark|multiplication|multiply|square|x
➰	curly loop	Symbols	other-symbol	curl|curly|loop
➿	double curly loop	Symbols	other-symbol	curl|curly|double|loop
〽️	part alternation mark	Symbols	other-symbol	alternation|mark|part
✳️	eight-spoked asterisk	Symbols	other-symbol	*|asterisk|eight-spoked
✴️	eight-pointed star	Symbols	other-symbol	*|eight-pointed|star
❇️	sparkle	Symbols	other-symbol	*
©️	copyright	Symbols	other-symbol	C
®️	registered	Symbols	other-symbol	R
™️	trade mark	Symbols	other-symbol	mark|TM|trade|trademark
🫟	splatter	Symbols	other-symbol	drip|holi|ink|liquid|mess|paint|spill|stain
#️⃣	keycap: #	Symbols	keycap	keycap
*️⃣	keycap: *	Symbols	keycap	keycap
0️⃣	keycap: 0	Symbols	keycap	0|keycap|zero
1️⃣	keycap: 1	Symbols	keycap	1|keycap|one
2️⃣	keycap: 2	Symbols	keycap	2|keycap|two
3️⃣	keycap: 3	Symbols	keycap	3|keycap|three
4️⃣	keycap: 4	Symbols	keycap	4|four|keycap
5️⃣	keycap: 5	Symbols	keycap	5|five|keycap
6️⃣	keycap: 6	Symbols	keycap	6|keycap|six
7️⃣	keycap: 7	Symbols	keycap	7|keycap|seven
8️⃣	keycap: 8	Symbols	keycap	8|eight|keycap
9️⃣	keycap: 9	Symbols	keycap	9|keycap|nine
🔟	keycap: 10	Symbols	keycap	keycap
🔠	input latin uppercase	Symbols	alphanum	ABCD|input|latin|letters|uppercase
🔡	input latin lowercase	Symbols	alphanum	abcd|input|latin|letters|lowercase
🔢	input numbers	Symbols	alphanum	1234|input|numbers
🔣	input symbols	Symbols	alphanum	&|%|♪|〒|input|symbols
🔤	input latin letters	Symbols	alphanum	abc|alphabet|input|latin|letters
🅰️	A button (blood type)	Symbols	alphanum	blood|button|type
🆎	AB button (blood type)	Symbols	alphanum	AB|blood|button|type
🅱️	B button (blood type)	Symbols	alphanum	B|blood|button|type
🆑	CL button	Symbols	alphanum	button|CL
🆒	COOL button	Symbols	alphanum	button|COOL
🆓	FREE button	Symbols	alphanum	button|FREE
ℹ️	information	Symbols	alphanum	I
🆔	ID button	Symbols	alphanum	button|ID|identity
Ⓜ️	circled M	Symbols	alphanum	circle|circled|M
🆕	NEW button	Symbols	alphanum	button|NEW
🆖	NG button	Symbols	alphanum	button|NG
🅾️	O button (blood type)	Symbols	alphanum	blood|button|O|type
🆗	OK button	Symbols	alphanum	button|OK|okay
🅿️	P button	Symbols	alphanum	button|P|parking
🆘	SOS button	Symbols	alphanum	button|help|SOS
🆙	UP! button	Symbols	alphanum	button|mark|UP|UP!
🆚	VS button	Symbols	alphanum	button|versus|VS
🈁	Japanese “here” button	Symbols	alphanum	button|here|Japanese|katakana
🈂️	Japanese “service charge” button	Symbols	alphanum	button|charge|Japanese|katakana|service
🈷️	Japanese “monthly amount” button	Symbols	alphanum	amount|button|ideograph|Japanese|monthly
🈶	Japanese “not free of charge” button	Symbols	alphanum	button|charge|free|ideograph|Japanese|not
🈯	Japanese “reserved” button	Symbols	alphanum	button|ideograph|Japanese|reserved
🉐	Japanese “bargain” button	Symbols	alphanum	bargain|button|ideograph|Japanese
🈹	Japanese “discount” button	Symbols	alphanum	button|discount|ideograph|Japanese
🈚	Japanese “free of charge” button	Symbols	alphanum	button|charge|free|ideograph|Japanese
🈲	Japanese “prohibited” button	Symbols	alphanum	button|ideograph|Japanese|prohibited
🉑	Japanese “acceptable” button	Symbols	alphanum	acceptable|button|ideograph|Japanese
🈸	Japanese “application” button	Symbols	alphanum	application|button|ideograph|Japanese
🈴	Japanese “passing grade” button	Symbols	alphanum	button|grade|ideograph|Japanese|passing
🈳	Japanese “vacancy” button	Symbols	alphanum	button|ideograph|Japanese|vacancy
㊗️	Japanese “congratulations” button	Symbols	alphanum	button|congratulations|ideograph|Japanese
㊙️	Japanese “secret” button	Symbols	alphanum	button|ideograph|Japanese|secret
🈺	Japanese “open for business” button	Symbols	alphanum	business|button|ideograph|Japanese|open
🈵	Japanese “no vacancy” button	Symbols	alphanum	button|ideograph|Japanese|no|vacancy
🔴	red circle	Symbols	geometric	circle|geometric|red
🟠	orange circle	Symbols	geometric	circle|orange
🟡	yellow circle	Symbols	geometric	circle|yellow
🟢	green circle	Symbols	geometric	circle|green
🔵	blue circle	Symbols	geometric	blue|circle|geometric
🟣	purple circle	Symbols	geometric	circle|purple
🟤	brown circle	Symbols	geometric	brown|circle
⚫	black circle	Symbols	geometric	black|circle|geometric
⚪	white circle	Symbols	geometric	circle|geometric|white
🟥	red square	Symbols	geometric	card|penalty|red|square
🟧	orange square	Symbols	geometric	orange|square
🟨	yellow square	Symbols	geometric	card|penalty|square|yellow
🟩	green square	Symbols	geometric	green|square
🟦	blue square	Symbols	geometric	blue|square
🟪	purple square	Symbols	geometric	purple|square
🟫	brown square	Symbols	geometric	brown|square
⬛	black large square	Symbols	geometric	black|geometric|large|square
⬜	white large square	Symbols	geometric	geometric|large|square|white
◼️	black medium square	Symbols	geometric	black|geometric|medium|square
◻️	white medium square	Symbols	geometric	geometric|medium|square|white
◾	black medium-small square	Symbols	geometric	black|geometric|medium-small|square
◽	white medium-small square	Symbols	geometric	geometric|medium-small|square|white
▪️	black small square	Symbols	geometric	black|geometric|small|square
▫️	white small square	Symbols	geometric	geometric|small|square|white
🔶	large orange diamond	Symbols	geometric	diamond|geometric|large|orange
🔷	large blue diamond	Symbols	geometric	blue|diamond|geometric|large
🔸	small orange diamond	Symbols	geometric	diamond|geometric|orange|small
🔹	small blue diamond	Symbols	geometric	blue|diamond|geometric|small
🔺	red triangle pointed up	Symbols	geometric	geometric|pointed|red|triangle|up
🔻	red triangle pointed down	Symbols	geometric	down|geometric|pointed|red|triangle
💠	diamond with a dot	Symbols	geometric	comic|diamond|dot|geometric
🔘	radio button	Symbols	geometric	button|geometric|radio
🔳	white square button	Symbols	geometric	button|geometric|outlined|square|white
🔲	black square button	Symbols	geometric	black|button|geometric|square
🏁	chequered flag	Flags	flag	checkered|chequered|finish|flag|flags|game|race|racing|sport|win
🚩	triangular flag	Flags	flag	construction|flag|golf|post|triangular
🎌	crossed flags	Flags	flag	celebration|cross|crossed|flags|Japanese
🏴	black flag	Flags	flag	black|flag|waving
🏳️	white flag	Flags	flag	flag|waving|white
🏳️‍🌈	rainbow flag	Flags	flag	bisexual|flag|gay|genderqueer|glbt|glbtq|lesbian|lgbt|lgbtq|lgbtqia|pride|queer|rainbow|trans|transgender
🏳️‍⚧️	transgender flag	Flags	flag	blue|flag|light|pink|transgender|white
🏴‍☠️	pirate flag	Flags	flag	flag|Jolly|pirate|plunder|Roger|treasure
🇦🇨	flag: Ascension Island	Flags	country-flag	flag
🇦🇩	flag: Andorra	Flags	country-flag	flag
🇦🇪	flag: United Arab Emirates	Flags	country-flag	flag
🇦🇫	flag: Afghanistan	Flags	country-flag	flag
🇦🇬	flag: Antigua & Barbuda	Flags	country-flag	flag
🇦🇮	flag: Anguilla	Flags	country-flag	flag
🇦🇱	flag: Albania	Flags	country-flag	flag
🇦🇲	flag: Armenia	Flags	country-flag	flag
🇦🇴	flag: Angola	Flags	country-flag	flag
🇦🇶	flag: Antarctica	Flags	country-flag	flag
🇦🇷	flag: Argentina	Flags	country-flag	flag
🇦🇸	flag: American Samoa	Flags	country-flag	flag
🇦🇹	flag: Austria	Flags	country-flag	flag
🇦🇺	flag: Australia	Flags	country-flag	flag
🇦🇼	flag: Aruba	Flags	country-flag	flag
🇦🇽	flag: Åland Islands	Flags	country-flag	flag
🇦🇿	flag: Azerbaijan	Flags	country-flag	flag
🇧🇦	flag: Bosnia & Herzegovina	Flags	country-flag	flag
🇧🇧	flag: Barbados	Flags	country-flag	flag
🇧🇩	flag: Bangladesh	Flags	country-flag	flag
🇧🇪	flag: Belgium	Flags	country-flag	flag
🇧🇫	flag: Burkina Faso	Flags	country-flag	flag
🇧🇬	flag: Bulgaria	Flags	country-flag	flag
🇧🇭	flag: Bahrain	Flags	country-flag	flag
🇧🇮	flag: Burundi	Flags	country-flag	flag
🇧🇯	flag: Benin	Flags	country-flag	flag
🇧🇱	flag: St. Barthélemy	Flags	country-flag	flag
🇧🇲	flag: Bermuda	Flags	country-flag	flag
🇧🇳	flag: Brunei	Flags	country-flag	flag
🇧🇴	flag: Bolivia	Flags	country-flag	flag
🇧🇶	flag: Caribbean Netherlands	Flags	country-flag	flag
🇧🇷	flag: Brazil	Flags	country-flag	flag
🇧🇸	flag: Bahamas	Flags	country-flag	flag
🇧🇹	flag: Bhutan	Flags	country-flag	flag
🇧🇻	flag: Bouvet Island	Flags	country-flag	flag
🇧🇼	flag: Botswana	Flags	country-flag	flag
🇧🇾	flag: Belarus	Flags	country-flag	flag
🇧🇿	flag: Belize	Flags	country-flag	flag
🇨🇦	flag: Canada	Flags	country-flag	flag
🇨🇨	flag: Cocos (Keeling) Islands	Flags	country-flag	flag
🇨🇩	flag: Congo - Kinshasa	Flags	country-flag	flag
🇨🇫	flag: Central African Republic	Flags	country-flag	flag
🇨🇬	flag: Congo - Brazzaville	Flags	country-flag	flag
🇨🇭	flag: Switzerland	Flags	country-flag	flag
🇨🇮	flag: Côte d’Ivoire	Flags	country-flag	flag
🇨🇰	flag: Cook Islands	Flags	country-flag	flag
🇨🇱	flag: Chile	Flags	country-flag	flag
🇨🇲	flag: Cameroon	Flags	country-flag	flag
🇨🇳	flag: China	Flags	country-flag	flag
🇨🇴	flag: Colombia	Flags	country-flag	flag
🇨🇵	flag: Clipperton Island	Flags	country-flag	flag
🇨🇶	flag: Sark	Flags	country-flag	flag
🇨🇷	flag: Costa Rica	Flags	country-flag	flag
🇨🇺	flag: Cuba	Flags	country-flag	flag
🇨🇻	flag: Cape Verde	Flags	country-flag	flag
🇨🇼	flag: Curaçao	Flags	country-flag	flag
🇨🇽	flag: Christmas Island	Flags	country-flag	flag
🇨🇾	flag: Cyprus	Flags	country-flag	flag
🇨🇿	flag: Czechia	Flags	country-flag	flag
🇩🇪	flag: Germany	Flags	country-flag	flag
🇩🇬	flag: Diego Garcia	Flags	country-flag	flag
🇩🇯	flag: Djibouti	Flags	country-flag	flag
🇩🇰	flag: Denmark	Flags	country-flag	flag
🇩🇲	flag: Dominica	Flags	country-flag	flag
🇩🇴	flag: Dominican Republic	Flags	country-flag	flag
🇩🇿	flag: Algeria	Flags	country-flag	flag
🇪🇦	flag: Ceuta & Melilla	Flags	country-flag	flag
🇪🇨	flag: Ecuador	Flags	country-flag	flag
🇪🇪	flag: Estonia	Flags	country-flag	flag
🇪🇬	flag: Egypt	Flags	country-flag	flag
🇪🇭	flag: Western Sahara	Flags	country-flag	flag
🇪🇷	flag: Eritrea	Flags	country-flag	flag
🇪🇸	flag: Spain	Flags	country-flag	flag
🇪🇹	flag: Ethiopia	Flags	country-flag	flag
🇪🇺	flag: European Union	Flags	country-flag	flag
🇫🇮	flag: Finland	Flags	country-flag	flag
🇫🇯	flag: Fiji	Flags	country-flag	flag
🇫🇰	flag: Falkland Islands	Flags	country-flag	flag
🇫🇲	flag: Micronesia	Flags	country-flag	flag
🇫🇴	flag: Faroe Islands	Flags	country-flag	flag
🇫🇷	flag: France	Flags	country-flag	flag
🇬🇦	flag: Gabon	Flags	country-flag	flag
🇬🇧	flag: United Kingdom	Flags	country-flag	flag
🇬🇩	flag: Grenada	Flags	country-flag	flag
🇬🇪	flag: Georgia	Flags	country-flag	flag
🇬🇫	flag: French Guiana	Flags	country-flag	flag
🇬🇬	flag: Guernsey	Flags	country-flag	flag
🇬🇭	flag: Ghana	Flags	country-flag	flag
🇬🇮	flag: Gibraltar	Flags	country-flag	flag
🇬🇱	flag: Greenland	Flags	country-flag	flag
🇬🇲	flag: Gambia	Flags	country-flag	flag
🇬🇳	flag: Guinea	Flags	country-flag	flag
🇬🇵	flag: Guadeloupe	Flags	country-flag	flag
🇬🇶	flag: Equatorial Guinea	Flags	country-flag	flag
🇬🇷	flag: Greece	Flags	country-flag	flag
🇬🇸	flag: South Georgia & South Sandwich Islands	Flags	country-flag	flag
🇬🇹	flag: Guatemala	Flags	country-flag	flag
🇬🇺	flag: Guam	Flags	country-flag	flag
🇬🇼	flag: Guinea-Bissau	Flags	country-flag	flag
🇬🇾	flag: Guyana	Flags	country-flag	flag
🇭🇰	flag: Hong Kong SAR China	Flags	country-flag	flag
🇭🇲	flag: Heard Island & McDonald Islands	Flags	country-flag	flag
🇭🇳	flag: Honduras	Flags	country-flag	flag
🇭🇷	flag: Croatia	Flags	country-flag	flag
🇭🇹	flag: Haiti	Flags	country-flag	flag
🇭🇺	flag: Hungary	Flags	country-flag	flag
🇮🇨	flag: Canary Islands	Flags	country-flag	flag
🇮🇩	flag: Indonesia	Flags	country-flag	flag
🇮🇪	flag: Ireland	Flags	country-flag	flag
🇮🇱	flag: Israel	Flags	country-flag	flag
🇮🇲	flag: Isle of Man	Flags	country-flag	flag
🇮🇳	flag: India	Flags	country-flag	flag
🇮🇴	flag: British Indian Ocean Territory	Flags	country-flag	flag
🇮🇶	flag: Iraq	Flags	country-flag	flag
🇮🇷	flag: Iran	Flags	country-flag	flag
🇮🇸	flag: Iceland	Flags	country-flag	flag
🇮🇹	flag: Italy	Flags	country-flag	flag
🇯🇪	flag: Jersey	Flags	country-flag	flag
🇯🇲	flag: Jamaica	Flags	country-flag	flag
🇯🇴	flag: Jordan	Flags	country-flag	flag
🇯🇵	flag: Japan	Flags	country-flag	flag
🇰🇪	flag: Kenya	Flags	country-flag	flag
🇰🇬	flag: Kyrgyzstan	Flags	country-flag	flag
🇰🇭	flag: Cambodia	Flags	country-flag	flag
🇰🇮	flag: Kiribati	Flags	country-flag	flag
🇰🇲	flag: Comoros	Flags	country-flag	flag
🇰🇳	flag: St. Kitts & Nevis	Flags	country-flag	flag
🇰🇵	flag: North Korea	Flags	country-flag	flag
🇰🇷	flag: South Korea	Flags	country-flag	flag
🇰🇼	flag: Kuwait	Flags	country-flag	flag
🇰🇾	flag: Cayman Islands	Flags	country-flag	flag
🇰🇿	flag: Kazakhstan	Flags	country-flag	flag
🇱🇦	flag: Laos	Flags	country-flag	flag
🇱🇧	flag: Lebanon	Flags	country-flag	flag
🇱🇨	flag: St. Lucia	Flags	country-flag	flag
🇱🇮	flag: Liechtenstein	Flags	country-flag	flag
🇱🇰	flag: Sri Lanka	Flags	country-flag	flag
🇱🇷	flag: Liberia	Flags	country-flag	flag
🇱🇸	flag: Lesotho	Flags	country-flag	flag
🇱🇹	flag: Lithuania	Flags	country-flag	flag
🇱🇺	flag: Luxembourg	Flags	country-flag	flag
🇱🇻	flag: Latvia	Flags	country-flag	flag
🇱🇾	flag: Libya	Flags	country-flag	flag
🇲🇦	flag: Morocco	Flags	country-flag	flag
🇲🇨	flag: Monaco	Flags	country-flag	flag
🇲🇩	flag: Moldova	Flags	country-flag	flag
🇲🇪	flag: Montenegro	Flags	country-flag	flag
🇲🇫	flag: St. Martin	Flags	country-flag	flag
🇲🇬	flag: Madagascar	Flags	country-flag	flag
🇲🇭	flag: Marshall Islands	Flags	country-flag	flag
🇲🇰	flag: North Macedonia	Flags	country-flag	flag
🇲🇱	flag: Mali	Flags	country-flag	flag
🇲🇲	flag: Myanmar (Burma)	Flags	country-flag	flag
🇲🇳	flag: Mongolia	Flags	country-flag	flag
🇲🇴	flag: Macao SAR China	Flags	country-flag	flag
🇲🇵	flag: Northern Mariana Islands	Flags	country-flag	flag
🇲🇶	flag: Martinique	Flags	country-flag	flag
🇲🇷	flag: Mauritania	Flags	country-flag	flag
🇲🇸	flag: Montserrat	Flags	country-flag	flag
🇲🇹	flag: Malta	Flags	country-flag	flag
🇲🇺	flag: Mauritius	Flags	country-flag	flag
🇲🇻	flag: Maldives	Flags	country-flag	flag
🇲🇼	flag: Malawi	Flags	country-flag	flag
🇲🇽	flag: Mexico	Flags	country-flag	flag
🇲🇾	flag: Malaysia	Flags	country-flag	flag
🇲🇿	flag: Mozambique	Flags	country-flag	flag
🇳🇦	flag: Namibia	Flags	country-flag	flag
🇳🇨	flag: New Caledonia	Flags	country-flag	flag
🇳🇪	flag: Niger	Flags	country-flag	flag
🇳🇫	flag: Norfolk Island	Flags	country-flag	flag
🇳🇬	flag: Nigeria	Flags	country-flag	flag
🇳🇮	flag: Nicaragua	Flags	country-flag	flag
🇳🇱	flag: Netherlands	Flags	country-flag	flag
🇳🇴	flag: Norway	Flags	country-flag	flag
🇳🇵	flag: Nepal	Flags	country-flag	flag
🇳🇷	flag: Nauru	Flags	country-flag	flag
🇳🇺	flag: Niue	Flags	country-flag	flag
🇳🇿	flag: New Zealand	Flags	country-flag	flag
🇴🇲	flag: Oman	Flags	country-flag	flag
🇵🇦	flag: Panama	Flags	country-flag	flag
🇵🇪	flag: Peru	Flags	country-flag	flag
🇵🇫	flag: French Polynesia	Flags	country-flag	flag
🇵🇬	flag: Papua New Guinea	Flags	country-flag	flag
🇵🇭	flag: Philippines	Flags	country-flag	flag
🇵🇰	flag: Pakistan	Flags	country-flag	flag
🇵🇱	flag: Poland	Flags	country-flag	flag
🇵🇲	flag: St. Pierre & Miquelon	Flags	country-flag	flag
🇵🇳	flag: Pitcairn Islands	Flags	country-flag	flag
🇵🇷	flag: Puerto Rico	Flags	country-flag	flag
🇵🇸	flag: Palestinian Territories	Flags	country-flag	flag
🇵🇹	flag: Portugal	Flags	country-flag	flag
🇵🇼	flag: Palau	Flags	country-flag	flag
🇵🇾	flag: Paraguay	Flags	country-flag	flag
🇶🇦	flag: Qatar	Flags	country-flag	flag
🇷🇪	flag: Réunion	Flags	country-flag	flag
🇷🇴	flag: Romania	Flags	country-flag	flag
🇷🇸	flag: Serbia	Flags	country-flag	flag
🇷🇺	flag: Russia	Flags	country-flag	flag
🇷🇼	flag: Rwanda	Flags	country-flag	flag
🇸🇦	flag: Saudi Arabia	Flags	country-flag	flag
🇸🇧	flag: Solomon Islands	Flags	country-flag	flag
🇸🇨	flag: Seychelles	Flags	country-flag	flag
🇸🇩	flag: Sudan	Flags	country-flag	flag
🇸🇪	flag: Sweden	Flags	country-flag	flag
🇸🇬	flag: Singapore	Flags	country-flag	flag
🇸🇭	flag: St. Helena, Ascension & Tristan da Cunha	Flags	country-flag	flag
🇸🇮	flag: Slovenia	Flags	country-flag	flag
🇸🇯	flag: Svalbard & Jan Mayen	Flags	country-flag	flag
🇸🇰	flag: Slovakia	Flags	country-flag	flag
🇸🇱	flag: Sierra Leone	Flags	country-flag	flag
🇸🇲	flag: San Marino	Flags	country-flag	flag
🇸🇳	flag: Senegal	Flags	country-flag	flag
🇸🇴	flag: Somalia	Flags	country-flag	flag
🇸🇷	flag: Suriname	Flags	country-flag	flag
🇸🇸	flag: South Sudan	Flags	country-flag	flag
🇸🇹	flag: São Tomé & Príncipe	Flags	country-flag	flag
🇸🇻	flag: El Salvador	Flags	country-flag	flag
🇸🇽	flag: Sint Maarten	Flags	country-flag	flag
🇸🇾	flag: Syria	Flags	country-flag	flag
🇸🇿	flag: Eswatini	Flags	country-flag	flag
🇹🇦	flag: Tristan da Cunha	Flags	country-flag	flag
🇹🇨	flag: Turks & Caicos Islands	Flags	country-flag	flag
🇹🇩	flag: Chad	Flags	country-flag	flag
🇹🇫	flag: French Southern and Antarctic Lands	Flags	country-flag	flag
🇹🇬	flag: Togo	Flags	country-flag	flag
🇹🇭	flag: Thailand	Flags	country-flag	flag
🇹🇯	flag: Tajikistan	Flags	country-flag	flag
🇹🇰	flag: Tokelau	Flags	country-flag	flag
🇹🇱	flag: Timor-Leste	Flags	country-flag	flag
🇹🇲	flag: Turkmenistan	Flags	country-flag	flag
🇹🇳	flag: Tunisia	Flags	country-flag	flag
🇹🇴	flag: Tonga	Flags	country-flag	flag
🇹🇷	flag: Türkiye	Flags	country-flag	flag
🇹🇹	flag: Trinidad & Tobago	Flags	country-flag	flag
🇹🇻	flag: Tuvalu	Flags	country-flag	flag
🇹🇼	flag: Taiwan	Flags	country-flag	flag
🇹🇿	flag: Tanzania	Flags	country-flag	flag
🇺🇦	flag: Ukraine	Flags	country-flag	flag
🇺🇬	flag: Uganda	Flags	country-flag	flag
🇺🇲	flag: U.S. Outlying Islands	Flags	country-flag	flag
🇺🇳	flag: United Nations	Flags	country-flag	flag
🇺🇸	flag: United States	Flags	country-flag	flag
🇺🇾	flag: Uruguay	Flags	country-flag	flag
🇺🇿	flag: Uzbekistan	Flags	country-flag	flag
🇻🇦	flag: Vatican City	Flags	country-flag	flag
🇻🇨	flag: St. Vincent & Grenadines	Flags	country-flag	flag
🇻🇪	flag: Venezuela	Flags	country-flag	flag
🇻🇬	flag: British Virgin Islands	Flags	country-flag	flag
🇻🇮	flag: U.S. Virgin Islands	Flags	country-flag	flag
🇻🇳	flag: Vietnam	Flags	country-flag	flag
🇻🇺	flag: Vanuatu	Flags	country-flag	flag
🇼🇫	flag: Wallis & Futuna	Flags	country-flag	flag
🇼🇸	flag: Samoa	Flags	country-flag	flag
🇽🇰	flag: Kosovo	Flags	country-flag	flag
🇾🇪	flag: Yemen	Flags	country-flag	flag
🇾🇹	flag: Mayotte	Flags	country-flag	flag
🇿🇦	flag: South Africa	Flags	country-flag	flag
🇿🇲	flag: Zambia	Flags	country-flag	flag
🇿🇼	flag: Zimbabwe	Flags	country-flag	flag
🏴󠁧󠁢󠁥󠁮󠁧󠁿	flag: England	Flags	subdivision-flag	flag
🏴󠁧󠁢󠁳󠁣󠁴󠁿	flag: Scotland	Flags	subdivision-flag	flag
🏴󠁧󠁢󠁷󠁬󠁳󠁿	flag: Wales	Flags	subdivision-flag	flag
